ID,Type,M6_Raw,SemanticType,Status,Category,AuditNote,RuleID
doc_chuong-iii_muc-1_dieu-26_khoan-1_p223#SUBJECT#1,LocalMention,Người sử dụng đất,LegalSubject,CORRECTED,CONCEPT_MAP,"[RULE_MAP_S07] Auto-corrected: 'Người sử dụng đất' → subtype=Individual, concept=LO2024.SUBJECT.LAND_USER",RULE_MAP_S07
doc_chuong-iii_muc-1_dieu-26_khoan-1_p223#ACTION#1,LocalMention,Cấp Giấy chứng nhận quyền sử dụng đất,LegalAction,CORRECTED,CONCEPT_MAP,"[RULE_MAP_A04] Auto-corrected: 'Cấp Giấy chứng nhận quyền sử dụng đất' → subtype=CertIssuanceAction, concept=LO2024.ACTION.CERT_ISSUANCE",RULE_MAP_A04
doc_chuong-iii_muc-1_dieu-26_khoan-3_p433#SUBJECT#1,LocalMention,Nhà nước,LegalSubject,CORRECTED,CONCEPT_MAP,"[RULE_MAP_S04] Auto-corrected: 'Nhà nước' → subtype=CentralAuthority, concept=LO2024.SUBJECT.STATE",RULE_MAP_S04
doc_chuong-iii_muc-1_dieu-26_khoan-3_p433#OBJECT#1,LocalMention,Đất nông nghiệp,LegalObject,CORRECTED,CONCEPT_MAP,"[RULE_MAP_O03] Auto-corrected: 'Đất nông nghiệp' → subtype=AgriculturalLand, concept=LO2024.OBJECT.AGRICULTURAL_LAND",RULE_MAP_O03
doc_chuong-iii_muc-1_dieu-26_khoan-4_p521#SUBJECT#1,LocalMention,Nhà nước,LegalSubject,CORRECTED,CONCEPT_MAP,"[RULE_MAP_S04] Auto-corrected: 'Nhà nước' → subtype=CentralAuthority, concept=LO2024.SUBJECT.STATE",RULE_MAP_S04
doc_chuong-iii_muc-1_dieu-26_khoan-4_p521#OBJECT#1,LocalMention,"Cải tạo, phục hồi đất nông nghiệp",LegalObject,CORRECTED,CONCEPT_MAP,"[RULE_MAP_O03] Auto-corrected: 'Cải tạo, phục hồi đất nông nghiệp' → subtype=AgriculturalLand, concept=LO2024.OBJECT.AGRICULTURAL_LAND",RULE_MAP_O03
doc_chuong-iii_muc-1_dieu-26_khoan-5_p602#SUBJECT#1,LocalMention,Nhà nước,LegalSubject,CORRECTED,CONCEPT_MAP,"[RULE_MAP_S04] Auto-corrected: 'Nhà nước' → subtype=CentralAuthority, concept=LO2024.SUBJECT.STATE",RULE_MAP_S04
doc_chuong-iii_muc-1_dieu-26_khoan-6_p692#SUBJECT#1,LocalMention,Người sử dụng đất,LegalSubject,CORRECTED,CONCEPT_MAP,"[RULE_MAP_S07] Auto-corrected: 'Người sử dụng đất' → subtype=Individual, concept=LO2024.SUBJECT.LAND_USER",RULE_MAP_S07
doc_chuong-iii_muc-1_dieu-26_khoan-7_p803#SUBJECT#1,LocalMention,Người sử dụng đất,LegalSubject,CORRECTED,CONCEPT_MAP,"[RULE_MAP_S07] Auto-corrected: 'Người sử dụng đất' → subtype=Individual, concept=LO2024.SUBJECT.LAND_USER",RULE_MAP_S07
doc_chuong-iii_muc-1_dieu-26_khoan-7_p803#SUBJECT#2,LocalMention,Nhà nước,LegalSubject,CORRECTED,CONCEPT_MAP,"[RULE_MAP_S04] Auto-corrected: 'Nhà nước' → subtype=CentralAuthority, concept=LO2024.SUBJECT.STATE",RULE_MAP_S04
doc_chuong-iii_muc-1_dieu-26_khoan-8_p893#SUBJECT#1,LocalMention,Người sử dụng đất,LegalSubject,CORRECTED,CONCEPT_MAP,"[RULE_MAP_S07] Auto-corrected: 'Người sử dụng đất' → subtype=Individual, concept=LO2024.SUBJECT.LAND_USER",RULE_MAP_S07
doc_chuong-iii_muc-1_dieu-26_khoan-8_p893#OBJECT#1,LocalMention,Hành vi vi phạm quyền sử dụng đất hợp pháp,LegalObject,CORRECTED,CONCEPT_MAP,"[RULE_MAP_O01] Auto-corrected: 'Hành vi vi phạm quyền sử dụng đất hợp pháp' → subtype=LandUseRight, concept=LO2024.OBJECT.LAND_USE_RIGHT",RULE_MAP_O01
doc_chuong-iii_muc-1_dieu-27_khoan-1_p1179#SUBJECT#1,LocalMention,Người sử dụng đất,LegalSubject,CORRECTED,CONCEPT_MAP,"[RULE_MAP_S07] Auto-corrected: 'Người sử dụng đất' → subtype=Individual, concept=LO2024.SUBJECT.LAND_USER",RULE_MAP_S07
doc_chuong-iii_muc-1_dieu-27_khoan-1_p1179#ACTION#2,LocalMention,Chuyển nhượng,LegalAction,CORRECTED,CONCEPT_MAP,"[RULE_MAP_A01] Auto-corrected: 'Chuyển nhượng' → subtype=TransferAction, concept=LO2024.ACTION.LAND_TRANSFER",RULE_MAP_A01
doc_chuong-iii_muc-1_dieu-27_khoan-1_p1179#ACTION#7,LocalMention,Thế chấp,LegalAction,CORRECTED,CONCEPT_MAP,"[RULE_MAP_A02] Auto-corrected: 'Thế chấp' → subtype=MortgageAction, concept=LO2024.ACTION.LAND_MORTGAGE",RULE_MAP_A02
doc_chuong-iii_muc-1_dieu-27_khoan-1_p1179#OBJECT#1,LocalMention,Quyền sử dụng đất,LegalObject,CORRECTED,CONCEPT_MAP,"[RULE_MAP_O01] Auto-corrected: 'Quyền sử dụng đất' → subtype=LandUseRight, concept=LO2024.OBJECT.LAND_USE_RIGHT",RULE_MAP_O01
doc_chuong-iii_muc-1_dieu-27_khoan-2_diem-a_p1496#SUBJECT#1,LocalMention,Nhóm người sử dụng đất,LegalSubject,CORRECTED,CONCEPT_MAP,"[RULE_MAP_S07] Auto-corrected: 'Nhóm người sử dụng đất' → subtype=Individual, concept=LO2024.SUBJECT.LAND_USER",RULE_MAP_S07
doc_chuong-iii_muc-1_dieu-27_khoan-2_diem-a_p1496#SUBJECT#3,LocalMention,Tổ chức kinh tế,LegalSubject,CORRECTED,CONCEPT_MAP,"[RULE_MAP_S08] Auto-corrected: 'Tổ chức kinh tế' → subtype=Organization, concept=LO2024.SUBJECT.DOMESTIC_ORGANIZATION",RULE_MAP_S08
doc_chuong-iii_muc-1_dieu-27_khoan-2_diem-b_p1814#SUBJECT#1,LocalMention,Nhóm người sử dụng đất,LegalSubject,CORRECTED,CONCEPT_MAP,"[RULE_MAP_S07] Auto-corrected: 'Nhóm người sử dụng đất' → subtype=Individual, concept=LO2024.SUBJECT.LAND_USER",RULE_MAP_S07
doc_chuong-iii_muc-1_dieu-27_khoan-2_diem-b_p1814#OBJECT#1,LocalMention,Quyền sử dụng đất,LegalObject,CORRECTED,CONCEPT_MAP,"[RULE_MAP_O01] Auto-corrected: 'Quyền sử dụng đất' → subtype=LandUseRight, concept=LO2024.OBJECT.LAND_USE_RIGHT",RULE_MAP_O01
doc_chuong-iii_muc-1_dieu-27_khoan-2_diem-b_p1814#ACTION#1,LocalMention,Đăng ký biến động,LegalAction,CORRECTED,CONCEPT_MAP,"[RULE_MAP_A05] Auto-corrected: 'Đăng ký biến động' → subtype=LandRegistrationAction, concept=LO2024.ACTION.LAND_REGISTRATION",RULE_MAP_A05
doc_chuong-iii_muc-1_dieu-27_khoan-2_diem-b_p1814#ACTION#3,LocalMention,Cấp Giấy chứng nhận quyền sử dụng đất,LegalAction,CORRECTED,CONCEPT_MAP,"[RULE_MAP_A04] Auto-corrected: 'Cấp Giấy chứng nhận quyền sử dụng đất' → subtype=CertIssuanceAction, concept=LO2024.ACTION.CERT_ISSUANCE",RULE_MAP_A04
doc_chuong-iii_muc-1_dieu-27_khoan-3_p2476#SUBJECT#1,LocalMention,Người sử dụng đất,LegalSubject,CORRECTED,CONCEPT_MAP,"[RULE_MAP_S07] Auto-corrected: 'Người sử dụng đất' → subtype=Individual, concept=LO2024.SUBJECT.LAND_USER",RULE_MAP_S07
doc_chuong-iii_muc-1_dieu-27_khoan-3_p2476#ACTION#1,LocalMention,Công chứng,LegalAction,CORRECTED,CONCEPT_MAP,"[RULE_MAP_A03] Auto-corrected: 'Công chứng' → subtype=CertificationAction, concept=LO2024.ACTION.CERTIFICATION",RULE_MAP_A03
doc_chuong-iii_muc-1_dieu-27_khoan-3_diem-a_p2588#ACTION#2,LocalMention,Thế chấp,LegalAction,CORRECTED,CONCEPT_MAP,"[RULE_MAP_A02] Auto-corrected: 'Thế chấp' → subtype=MortgageAction, concept=LO2024.ACTION.LAND_MORTGAGE",RULE_MAP_A02
doc_chuong-iii_muc-1_dieu-27_khoan-3_diem-a_p2588#OBJECT#2,LocalMention,Quyền sử dụng đất,LegalObject,CORRECTED,CONCEPT_MAP,"[RULE_MAP_O01] Auto-corrected: 'Quyền sử dụng đất' → subtype=LandUseRight, concept=LO2024.OBJECT.LAND_USE_RIGHT",RULE_MAP_O01
doc_chuong-iii_muc-1_dieu-27_khoan-3_diem-a_p2588#ACTION#4,LocalMention,Công chứng,LegalAction,CORRECTED,CONCEPT_MAP,"[RULE_MAP_A03] Auto-corrected: 'Công chứng' → subtype=CertificationAction, concept=LO2024.ACTION.CERTIFICATION",RULE_MAP_A03
doc_chuong-iii_muc-1_dieu-27_khoan-3_diem-a_p2588#ACTION#5,LocalMention,Chứng thực,LegalAction,CORRECTED,CONCEPT_MAP,"[RULE_MAP_A03] Auto-corrected: 'Chứng thực' → subtype=CertificationAction, concept=LO2024.ACTION.CERTIFICATION",RULE_MAP_A03
doc_chuong-iii_muc-1_dieu-27_khoan-3_diem-b_p2794#OBJECT#2,LocalMention,Cho thuê lại quyền sử dụng đất,LegalObject,CORRECTED,CONCEPT_MAP,"[RULE_MAP_O01] Auto-corrected: 'Cho thuê lại quyền sử dụng đất' → subtype=LandUseRight, concept=LO2024.OBJECT.LAND_USE_RIGHT",RULE_MAP_O01
doc_chuong-iii_muc-1_dieu-27_khoan-3_diem-b_p2794#OBJECT#3,LocalMention,Quyền sử dụng đất,LegalObject,CORRECTED,CONCEPT_MAP,"[RULE_MAP_O01] Auto-corrected: 'Quyền sử dụng đất' → subtype=LandUseRight, concept=LO2024.OBJECT.LAND_USE_RIGHT",RULE_MAP_O01
doc_chuong-iii_muc-1_dieu-27_khoan-3_diem-b_p2794#OBJECT#5,LocalMention,Hợp đồng chuyển đổi quyền sử dụng đất nông nghiệp,LegalObject,CORRECTED,CONCEPT_MAP,"[RULE_MAP_O01] Auto-corrected: 'Hợp đồng chuyển đổi quyền sử dụng đất nông nghiệp' → subtype=LandUseRight, concept=LO2024.OBJECT.LAND_USE_RIGHT",RULE_MAP_O01
doc_chuong-iii_muc-1_dieu-27_khoan-3_diem-b_p2794#OBJECT#7,LocalMention,Góp vốn bằng quyền sử dụng đất,LegalObject,CORRECTED,CONCEPT_MAP,"[RULE_MAP_O01] Auto-corrected: 'Góp vốn bằng quyền sử dụng đất' → subtype=LandUseRight, concept=LO2024.OBJECT.LAND_USE_RIGHT",RULE_MAP_O01
doc_chuong-iii_muc-1_dieu-27_khoan-3_diem-c_p3217#SUBJECT#1,LocalMention,Người sử dụng đất,LegalSubject,CORRECTED,CONCEPT_MAP,"[RULE_MAP_S07] Auto-corrected: 'Người sử dụng đất' → subtype=Individual, concept=LO2024.SUBJECT.LAND_USER",RULE_MAP_S07
doc_chuong-iii_muc-1_dieu-27_khoan-3_diem-c_p3217#ACTION#1,LocalMention,Công chứng,LegalAction,CORRECTED,CONCEPT_MAP,"[RULE_MAP_A03] Auto-corrected: 'Công chứng' → subtype=CertificationAction, concept=LO2024.ACTION.CERTIFICATION",RULE_MAP_A03
doc_chuong-iii_muc-1_dieu-27_khoan-3_diem-c_p3217#ACTION#2,LocalMention,Chứng thực,LegalAction,CORRECTED,CONCEPT_MAP,"[RULE_MAP_A03] Auto-corrected: 'Chứng thực' → subtype=CertificationAction, concept=LO2024.ACTION.CERTIFICATION",RULE_MAP_A03
doc_chuong-iii_muc-1_dieu-27_khoan-3_diem-c_p3217#OBJECT#1,LocalMention,Quyền sử dụng đất,LegalObject,CORRECTED,CONCEPT_MAP,"[RULE_MAP_O01] Auto-corrected: 'Quyền sử dụng đất' → subtype=LandUseRight, concept=LO2024.OBJECT.LAND_USE_RIGHT",RULE_MAP_O01
doc_chuong-iii_muc-1_dieu-28_khoan-1_diem-a_p3549#OBJECT#1,LocalMention,Quyền sử dụng đất,LegalObject,CORRECTED,CONCEPT_MAP,"[RULE_MAP_O01] Auto-corrected: 'Quyền sử dụng đất' → subtype=LandUseRight, concept=LO2024.OBJECT.LAND_USE_RIGHT",RULE_MAP_O01
doc_chuong-iii_muc-1_dieu-28_khoan-1_diem-b_p3646#SUBJECT#1,LocalMention,Tổ chức kinh tế,LegalSubject,CORRECTED,CONCEPT_MAP,"[RULE_MAP_S08] Auto-corrected: 'Tổ chức kinh tế' → subtype=Organization, concept=LO2024.SUBJECT.DOMESTIC_ORGANIZATION",RULE_MAP_S08
doc_chuong-iii_muc-1_dieu-28_khoan-1_diem-b_p3646#ACTION#1,LocalMention,Chuyển nhượng,LegalAction,CORRECTED,CONCEPT_MAP,"[RULE_MAP_A01] Auto-corrected: 'Chuyển nhượng' → subtype=TransferAction, concept=LO2024.ACTION.LAND_TRANSFER",RULE_MAP_A01
doc_chuong-iii_muc-1_dieu-28_khoan-1_diem-b_p3646#OBJECT#1,LocalMention,Quyền sử dụng đất,LegalObject,CORRECTED,CONCEPT_MAP,"[RULE_MAP_O01] Auto-corrected: 'Quyền sử dụng đất' → subtype=LandUseRight, concept=LO2024.OBJECT.LAND_USE_RIGHT",RULE_MAP_O01
doc_chuong-iii_muc-1_dieu-28_khoan-1_diem-c_p3714#SUBJECT#1,LocalMention,Tổ chức kinh tế có vốn đầu tư nước ngoài,LegalSubject,CORRECTED,CONCEPT_MAP,"[RULE_MAP_S06] Auto-corrected: 'Tổ chức kinh tế có vốn đầu tư nước ngoài' → subtype=FDIEnterprise, concept=LO2024.SUBJECT.FDI_ENTERPRISE",RULE_MAP_S06
doc_chuong-iii_muc-1_dieu-28_khoan-1_diem-c_p3714#SUBJECT#2,LocalMention,Người gốc Việt Nam định cư ở nước ngoài,LegalSubject,CORRECTED,CONCEPT_MAP,"[RULE_MAP_S05] Auto-corrected: 'Người gốc Việt Nam định cư ở nước ngoài' → subtype=OverseasVietnamese, concept=LO2024.SUBJECT.OVERSEAS_VIETNAMESE",RULE_MAP_S05
doc_chuong-iii_muc-1_dieu-28_khoan-1_diem-c_p3714#ACTION#1,LocalMention,Nhận chuyển nhượng quyền sử dụng đất,LegalAction,CORRECTED,CONCEPT_MAP,"[RULE_MAP_A01] Auto-corrected: 'Nhận chuyển nhượng quyền sử dụng đất' → subtype=TransferAction, concept=LO2024.ACTION.LAND_TRANSFER",RULE_MAP_A01
doc_chuong-iii_muc-1_dieu-28_khoan-1_diem-d_p3930#SUBJECT#1,LocalMention,Tổ chức kinh tế có vốn đầu tư nước ngoài,LegalSubject,CORRECTED,CONCEPT_MAP,"[RULE_MAP_S06] Auto-corrected: 'Tổ chức kinh tế có vốn đầu tư nước ngoài' → subtype=FDIEnterprise, concept=LO2024.SUBJECT.FDI_ENTERPRISE",RULE_MAP_S06
doc_chuong-iii_muc-1_dieu-28_khoan-1_diem-d_p3930#ACTION#1,LocalMention,Chuyển nhượng,LegalAction,CORRECTED,CONCEPT_MAP,"[RULE_MAP_A01] Auto-corrected: 'Chuyển nhượng' → subtype=TransferAction, concept=LO2024.ACTION.LAND_TRANSFER",RULE_MAP_A01
doc_chuong-iii_muc-1_dieu-28_khoan-1_diem-d_p3930#OBJECT#2,LocalMention,Giá trị quyền sử dụng đất,LegalObject,CORRECTED,CONCEPT_MAP,"[RULE_MAP_O01] Auto-corrected: 'Giá trị quyền sử dụng đất' → subtype=LandUseRight, concept=LO2024.OBJECT.LAND_USE_RIGHT",RULE_MAP_O01
doc_chuong-iii_muc-1_dieu-28_khoan-1_diem-d_p4064#SUBJECT#1,LocalMention,Tổ chức kinh tế,LegalSubject,CORRECTED,CONCEPT_MAP,"[RULE_MAP_S08] Auto-corrected: 'Tổ chức kinh tế' → subtype=Organization, concept=LO2024.SUBJECT.DOMESTIC_ORGANIZATION",RULE_MAP_S08
doc_chuong-iii_muc-1_dieu-28_khoan-1_diem-d_p4064#SUBJECT#2,LocalMention,Tổ chức kinh tế có vốn đầu tư nước ngoài,LegalSubject,CORRECTED,CONCEPT_MAP,"[RULE_MAP_S06] Auto-corrected: 'Tổ chức kinh tế có vốn đầu tư nước ngoài' → subtype=FDIEnterprise, concept=LO2024.SUBJECT.FDI_ENTERPRISE",RULE_MAP_S06
doc_chuong-iii_muc-1_dieu-28_khoan-1_diem-d_p4064#OBJECT#1,LocalMention,Quyền sử dụng đất,LegalObject,CORRECTED,CONCEPT_MAP,"[RULE_MAP_O01] Auto-corrected: 'Quyền sử dụng đất' → subtype=LandUseRight, concept=LO2024.OBJECT.LAND_USE_RIGHT",RULE_MAP_O01
doc_chuong-iii_muc-1_dieu-28_khoan-1_diem-e_p4162#SUBJECT#1,LocalMention,Tổ chức trong nước,LegalSubject,CORRECTED,CONCEPT_MAP,"[RULE_MAP_S08] Auto-corrected: 'Tổ chức trong nước' → subtype=Organization, concept=LO2024.SUBJECT.DOMESTIC_ORGANIZATION",RULE_MAP_S08
doc_chuong-iii_muc-1_dieu-28_khoan-1_diem-e_p4162#OBJECT#1,LocalMention,Quyền sử dụng đất,LegalObject,CORRECTED,CONCEPT_MAP,"[RULE_MAP_O01] Auto-corrected: 'Quyền sử dụng đất' → subtype=LandUseRight, concept=LO2024.OBJECT.LAND_USE_RIGHT",RULE_MAP_O01
doc_chuong-iii_muc-1_dieu-28_khoan-1_diem-g_p4273#SUBJECT#1,LocalMention,Tổ chức trong nước,LegalSubject,CORRECTED,CONCEPT_MAP,"[RULE_MAP_S08] Auto-corrected: 'Tổ chức trong nước' → subtype=Organization, concept=LO2024.SUBJECT.DOMESTIC_ORGANIZATION",RULE_MAP_S08
doc_chuong-iii_muc-1_dieu-28_khoan-1_diem-g_p4273#OBJECT#1,LocalMention,Quyền sử dụng đất,LegalObject,CORRECTED,CONCEPT_MAP,"[RULE_MAP_O01] Auto-corrected: 'Quyền sử dụng đất' → subtype=LandUseRight, concept=LO2024.OBJECT.LAND_USE_RIGHT",RULE_MAP_O01
doc_chuong-iii_muc-1_dieu-28_khoan-1_diem-h_p4356#SUBJECT#1,LocalMention,Người gốc Việt Nam định cư ở nước ngoài,LegalSubject,CORRECTED,CONCEPT_MAP,"[RULE_MAP_S05] Auto-corrected: 'Người gốc Việt Nam định cư ở nước ngoài' → subtype=OverseasVietnamese, concept=LO2024.SUBJECT.OVERSEAS_VIETNAMESE",RULE_MAP_S05
doc_chuong-iii_muc-1_dieu-28_khoan-1_diem-h_p4356#OBJECT#1,LocalMention,Nhà ở gắn liền với quyền sử dụng đất ở,LegalObject,CORRECTED,CONCEPT_MAP,"[RULE_MAP_O01] Auto-corrected: 'Nhà ở gắn liền với quyền sử dụng đất ở' → subtype=LandUseRight, concept=LO2024.OBJECT.LAND_USE_RIGHT",RULE_MAP_O01
doc_chuong-iii_muc-1_dieu-28_khoan-1_diem-h_p4356#OBJECT#2,LocalMention,Quyền sử dụng đất ở,LegalObject,CORRECTED,CONCEPT_MAP,"[RULE_MAP_O01] Auto-corrected: 'Quyền sử dụng đất ở' → subtype=LandUseRight, concept=LO2024.OBJECT.LAND_USE_RIGHT",RULE_MAP_O01
doc_chuong-iii_muc-1_dieu-28_khoan-1_diem-i_p4791#SUBJECT#1,LocalMention,Tổ chức trong nước,LegalSubject,CORRECTED,CONCEPT_MAP,"[RULE_MAP_S08] Auto-corrected: 'Tổ chức trong nước' → subtype=Organization, concept=LO2024.SUBJECT.DOMESTIC_ORGANIZATION",RULE_MAP_S08
doc_chuong-iii_muc-1_dieu-28_khoan-1_diem-i_p4791#SUBJECT#6,LocalMention,Người gốc Việt Nam định cư ở nước ngoài,LegalSubject,CORRECTED,CONCEPT_MAP,"[RULE_MAP_S05] Auto-corrected: 'Người gốc Việt Nam định cư ở nước ngoài' → subtype=OverseasVietnamese, concept=LO2024.SUBJECT.OVERSEAS_VIETNAMESE",RULE_MAP_S05
doc_chuong-iii_muc-1_dieu-28_khoan-1_diem-i_p4791#SUBJECT#7,LocalMention,Tổ chức kinh tế có vốn đầu tư nước ngoài,LegalSubject,CORRECTED,CONCEPT_MAP,"[RULE_MAP_S06] Auto-corrected: 'Tổ chức kinh tế có vốn đầu tư nước ngoài' → subtype=FDIEnterprise, concept=LO2024.SUBJECT.FDI_ENTERPRISE",RULE_MAP_S06
doc_chuong-iii_muc-1_dieu-28_khoan-1_diem-i_p4791#SUBJECT#8,LocalMention,Nhà nước,LegalSubject,CORRECTED,CONCEPT_MAP,"[RULE_MAP_S04] Auto-corrected: 'Nhà nước' → subtype=CentralAuthority, concept=LO2024.SUBJECT.STATE",RULE_MAP_S04
doc_chuong-iii_muc-1_dieu-28_khoan-1_diem-k_p5095#SUBJECT#1,LocalMention,Tổ chức kinh tế,LegalSubject,CORRECTED,CONCEPT_MAP,"[RULE_MAP_S08] Auto-corrected: 'Tổ chức kinh tế' → subtype=Organization, concept=LO2024.SUBJECT.DOMESTIC_ORGANIZATION",RULE_MAP_S08
doc_chuong-iii_muc-1_dieu-28_khoan-1_diem-k_p5095#SUBJECT#6,LocalMention,Người gốc Việt Nam định cư ở nước ngoài,LegalSubject,CORRECTED,CONCEPT_MAP,"[RULE_MAP_S05] Auto-corrected: 'Người gốc Việt Nam định cư ở nước ngoài' → subtype=OverseasVietnamese, concept=LO2024.SUBJECT.OVERSEAS_VIETNAMESE",RULE_MAP_S05
doc_chuong-iii_muc-1_dieu-28_khoan-1_diem-k_p5095#SUBJECT#7,LocalMention,Tổ chức kinh tế có vốn đầu tư nước ngoài,LegalSubject,CORRECTED,CONCEPT_MAP,"[RULE_MAP_S06] Auto-corrected: 'Tổ chức kinh tế có vốn đầu tư nước ngoài' → subtype=FDIEnterprise, concept=LO2024.SUBJECT.FDI_ENTERPRISE",RULE_MAP_S06
doc_chuong-iii_muc-1_dieu-28_khoan-1_diem-k_p5095#SUBJECT#9,LocalMention,Nhà nước,LegalSubject,CORRECTED,CONCEPT_MAP,"[RULE_MAP_S04] Auto-corrected: 'Nhà nước' → subtype=CentralAuthority, concept=LO2024.SUBJECT.STATE",RULE_MAP_S04
doc_chuong-iii_muc-1_dieu-28_khoan-1_diem-l_p5350#SUBJECT#1,LocalMention,Tổ chức trong nước,LegalSubject,CORRECTED,CONCEPT_MAP,"[RULE_MAP_S08] Auto-corrected: 'Tổ chức trong nước' → subtype=Organization, concept=LO2024.SUBJECT.DOMESTIC_ORGANIZATION",RULE_MAP_S08
doc_chuong-iii_muc-1_dieu-28_khoan-1_diem-l_p5350#SUBJECT#6,LocalMention,Nhà nước,LegalSubject,CORRECTED,CONCEPT_MAP,"[RULE_MAP_S04] Auto-corrected: 'Nhà nước' → subtype=CentralAuthority, concept=LO2024.SUBJECT.STATE",RULE_MAP_S04
doc_chuong-iii_muc-1_dieu-28_khoan-1_diem-l_p5350#OBJECT#1,LocalMention,Quyền sử dụng đất,LegalObject,CORRECTED,CONCEPT_MAP,"[RULE_MAP_O01] Auto-corrected: 'Quyền sử dụng đất' → subtype=LandUseRight, concept=LO2024.OBJECT.LAND_USE_RIGHT",RULE_MAP_O01
doc_chuong-iii_muc-1_dieu-28_khoan-1_diem-m_p5524#SUBJECT#1,LocalMention,Tổ chức trong nước,LegalSubject,CORRECTED,CONCEPT_MAP,"[RULE_MAP_S08] Auto-corrected: 'Tổ chức trong nước' → subtype=Organization, concept=LO2024.SUBJECT.DOMESTIC_ORGANIZATION",RULE_MAP_S08
doc_chuong-iii_muc-1_dieu-28_khoan-1_diem-m_p5524#SUBJECT#3,LocalMention,Người gốc Việt Nam định cư ở nước ngoài,LegalSubject,CORRECTED,CONCEPT_MAP,"[RULE_MAP_S05] Auto-corrected: 'Người gốc Việt Nam định cư ở nước ngoài' → subtype=OverseasVietnamese, concept=LO2024.SUBJECT.OVERSEAS_VIETNAMESE",RULE_MAP_S05
doc_chuong-iii_muc-1_dieu-28_khoan-1_diem-m_p5524#SUBJECT#4,LocalMention,Tổ chức kinh tế có vốn đầu tư nước ngoài,LegalSubject,CORRECTED,CONCEPT_MAP,"[RULE_MAP_S06] Auto-corrected: 'Tổ chức kinh tế có vốn đầu tư nước ngoài' → subtype=FDIEnterprise, concept=LO2024.SUBJECT.FDI_ENTERPRISE",RULE_MAP_S06
doc_chuong-iii_muc-1_dieu-28_khoan-1_diem-m_p5524#OBJECT#1,LocalMention,Quyền sử dụng đất,LegalObject,CORRECTED,CONCEPT_MAP,"[RULE_MAP_O01] Auto-corrected: 'Quyền sử dụng đất' → subtype=LandUseRight, concept=LO2024.OBJECT.LAND_USE_RIGHT",RULE_MAP_O01
doc_chuong-iii_muc-1_dieu-28_khoan-1_diem-m_p5524#OBJECT#8,LocalMention,Văn bản công nhận kết quả đấu giá quyền sử dụng đất,LegalObject,CORRECTED,CONCEPT_MAP,"[RULE_MAP_O01] Auto-corrected: 'Văn bản công nhận kết quả đấu giá quyền sử dụng đất' → subtype=LandUseRight, concept=LO2024.OBJECT.LAND_USE_RIGHT",RULE_MAP_O01
doc_chuong-iii_muc-1_dieu-28_khoan-1_diem-m_p5524#OBJECT#9,LocalMention,"Văn bản về việc chia, tách quyền sử dụng đất",LegalObject,CORRECTED,CONCEPT_MAP,"[RULE_MAP_O01] Auto-corrected: 'Văn bản về việc chia, tách quyền sử dụng đất' → subtype=LandUseRight, concept=LO2024.OBJECT.LAND_USE_RIGHT",RULE_MAP_O01
doc_chuong-iii_muc-1_dieu-28_khoan-1_diem-n_p6316#OBJECT#1,LocalMention,Quyền sử dụng đất,LegalObject,CORRECTED,CONCEPT_MAP,"[RULE_MAP_O01] Auto-corrected: 'Quyền sử dụng đất' → subtype=LandUseRight, concept=LO2024.OBJECT.LAND_USE_RIGHT",RULE_MAP_O01
doc_chuong-iii_muc-1_dieu-28_khoan-1_diem-o_p6776#SUBJECT#1,LocalMention,Tổ chức trong nước,LegalSubject,CORRECTED,CONCEPT_MAP,"[RULE_MAP_S08] Auto-corrected: 'Tổ chức trong nước' → subtype=Organization, concept=LO2024.SUBJECT.DOMESTIC_ORGANIZATION",RULE_MAP_S08
doc_chuong-iii_muc-1_dieu-28_khoan-1_diem-o_p6776#OBJECT#1,LocalMention,quyền sử dụng đất,LegalObject,CORRECTED,CONCEPT_MAP,"[RULE_MAP_O01] Auto-corrected: 'quyền sử dụng đất' → subtype=LandUseRight, concept=LO2024.OBJECT.LAND_USE_RIGHT",RULE_MAP_O01
doc_chuong-iii_muc-1_dieu-28_khoan-1_diem-o_p6776#SUBJECT#3,LocalMention,tổ chức kinh tế,LegalSubject,CORRECTED,CONCEPT_MAP,"[RULE_MAP_S08] Auto-corrected: 'tổ chức kinh tế' → subtype=Organization, concept=LO2024.SUBJECT.DOMESTIC_ORGANIZATION",RULE_MAP_S08
doc_chuong-iii_muc-1_dieu-28_khoan-2_p7178#SUBJECT#1,LocalMention,Tổ chức trong nước,LegalSubject,CORRECTED,CONCEPT_MAP,"[RULE_MAP_S08] Auto-corrected: 'Tổ chức trong nước' → subtype=Organization, concept=LO2024.SUBJECT.DOMESTIC_ORGANIZATION",RULE_MAP_S08
doc_chuong-iii_muc-1_dieu-28_khoan-2_p7178#ACTION#1,LocalMention,chuyển nhượng,LegalAction,CORRECTED,CONCEPT_MAP,"[RULE_MAP_A01] Auto-corrected: 'chuyển nhượng' → subtype=TransferAction, concept=LO2024.ACTION.LAND_TRANSFER",RULE_MAP_A01
doc_chuong-iii_muc-1_dieu-28_khoan-2_p7178#OBJECT#1,LocalMention,quyền sử dụng đất,LegalObject,CORRECTED,CONCEPT_MAP,"[RULE_MAP_O01] Auto-corrected: 'quyền sử dụng đất' → subtype=LandUseRight, concept=LO2024.OBJECT.LAND_USE_RIGHT",RULE_MAP_O01
doc_chuong-iii_muc-1_dieu-30_khoan-1_p8171#SUBJECT#1,LocalMention,Tổ chức kinh tế,LegalSubject,CORRECTED,CONCEPT_MAP,"[RULE_MAP_S08] Auto-corrected: 'Tổ chức kinh tế' → subtype=Organization, concept=LO2024.SUBJECT.DOMESTIC_ORGANIZATION",RULE_MAP_S08
doc_chuong-iii_muc-1_dieu-30_khoan-1_p8171#SUBJECT#2,LocalMention,Nhà nước,LegalSubject,CORRECTED,CONCEPT_MAP,"[RULE_MAP_S04] Auto-corrected: 'Nhà nước' → subtype=CentralAuthority, concept=LO2024.SUBJECT.STATE",RULE_MAP_S04
doc_chuong-iii_muc-1_dieu-30_khoan-2_p8782#SUBJECT#1,LocalMention,Tổ chức kinh tế,LegalSubject,CORRECTED,CONCEPT_MAP,"[RULE_MAP_S08] Auto-corrected: 'Tổ chức kinh tế' → subtype=Organization, concept=LO2024.SUBJECT.DOMESTIC_ORGANIZATION",RULE_MAP_S08
doc_chuong-iii_muc-1_dieu-30_khoan-2_p8782#SUBJECT#3,LocalMention,Người gốc Việt Nam định cư ở nước ngoài,LegalSubject,CORRECTED,CONCEPT_MAP,"[RULE_MAP_S05] Auto-corrected: 'Người gốc Việt Nam định cư ở nước ngoài' → subtype=OverseasVietnamese, concept=LO2024.SUBJECT.OVERSEAS_VIETNAMESE",RULE_MAP_S05
doc_chuong-iii_muc-1_dieu-30_khoan-2_p8782#SUBJECT#4,LocalMention,Tổ chức kinh tế có vốn đầu tư nước ngoài,LegalSubject,CORRECTED,CONCEPT_MAP,"[RULE_MAP_S06] Auto-corrected: 'Tổ chức kinh tế có vốn đầu tư nước ngoài' → subtype=FDIEnterprise, concept=LO2024.SUBJECT.FDI_ENTERPRISE",RULE_MAP_S06
doc_chuong-iii_muc-1_dieu-30_khoan-2_p8782#SUBJECT#5,LocalMention,Nhà nước,LegalSubject,CORRECTED,CONCEPT_MAP,"[RULE_MAP_S04] Auto-corrected: 'Nhà nước' → subtype=CentralAuthority, concept=LO2024.SUBJECT.STATE",RULE_MAP_S04
doc_chuong-iii_muc-1_dieu-30_khoan-3_p9133#SUBJECT#2,LocalMention,Nhà nước,LegalSubject,CORRECTED,CONCEPT_MAP,"[RULE_MAP_S04] Auto-corrected: 'Nhà nước' → subtype=CentralAuthority, concept=LO2024.SUBJECT.STATE",RULE_MAP_S04
doc_chuong-iii_muc-1_dieu-31_khoan-1_p9477#SUBJECT#1,LocalMention,Người sử dụng đất,LegalSubject,CORRECTED,CONCEPT_MAP,"[RULE_MAP_S07] Auto-corrected: 'Người sử dụng đất' → subtype=Individual, concept=LO2024.SUBJECT.LAND_USER",RULE_MAP_S07
doc_chuong-iii_muc-1_dieu-31_khoan-2_p9703#SUBJECT#1,LocalMention,Người sử dụng đất,LegalSubject,CORRECTED,CONCEPT_MAP,"[RULE_MAP_S07] Auto-corrected: 'Người sử dụng đất' → subtype=Individual, concept=LO2024.SUBJECT.LAND_USER",RULE_MAP_S07
doc_chuong-iii_muc-1_dieu-31_khoan-2_p9703#ACTION#1,LocalMention,Kê khai đăng ký đất đai,LegalAction,CORRECTED,CONCEPT_MAP,"[RULE_MAP_A05] Auto-corrected: 'Kê khai đăng ký đất đai' → subtype=LandRegistrationAction, concept=LO2024.ACTION.LAND_REGISTRATION",RULE_MAP_A05
doc_chuong-iii_muc-1_dieu-31_khoan-2_p9703#ACTION#4,LocalMention,Chuyển nhượng,LegalAction,CORRECTED,CONCEPT_MAP,"[RULE_MAP_A01] Auto-corrected: 'Chuyển nhượng' → subtype=TransferAction, concept=LO2024.ACTION.LAND_TRANSFER",RULE_MAP_A01
doc_chuong-iii_muc-1_dieu-31_khoan-2_p9703#ACTION#9,LocalMention,Thế chấp,LegalAction,CORRECTED,CONCEPT_MAP,"[RULE_MAP_A02] Auto-corrected: 'Thế chấp' → subtype=MortgageAction, concept=LO2024.ACTION.LAND_MORTGAGE",RULE_MAP_A02
doc_chuong-iii_muc-1_dieu-31_khoan-2_p9703#OBJECT#1,LocalMention,Quyền sử dụng đất,LegalObject,CORRECTED,CONCEPT_MAP,"[RULE_MAP_O01] Auto-corrected: 'Quyền sử dụng đất' → subtype=LandUseRight, concept=LO2024.OBJECT.LAND_USE_RIGHT",RULE_MAP_O01
doc_chuong-iii_muc-1_dieu-31_khoan-3_p9925#SUBJECT#1,LocalMention,Người sử dụng đất,LegalSubject,CORRECTED,CONCEPT_MAP,"[RULE_MAP_S07] Auto-corrected: 'Người sử dụng đất' → subtype=Individual, concept=LO2024.SUBJECT.LAND_USER",RULE_MAP_S07
doc_chuong-iii_muc-1_dieu-31_khoan-4_p9994#SUBJECT#1,LocalMention,Người sử dụng đất,LegalSubject,CORRECTED,CONCEPT_MAP,"[RULE_MAP_S07] Auto-corrected: 'Người sử dụng đất' → subtype=Individual, concept=LO2024.SUBJECT.LAND_USER",RULE_MAP_S07
doc_chuong-iii_muc-1_dieu-31_khoan-5_p10115#SUBJECT#1,LocalMention,Người sử dụng đất,LegalSubject,CORRECTED,CONCEPT_MAP,"[RULE_MAP_S07] Auto-corrected: 'Người sử dụng đất' → subtype=Individual, concept=LO2024.SUBJECT.LAND_USER",RULE_MAP_S07
doc_chuong-iii_muc-1_dieu-31_khoan-7_p10310#SUBJECT#1,LocalMention,Nhà nước,LegalSubject,CORRECTED,CONCEPT_MAP,"[RULE_MAP_S04] Auto-corrected: 'Nhà nước' → subtype=CentralAuthority, concept=LO2024.SUBJECT.STATE",RULE_MAP_S04
doc_chuong-iii_muc-2_dieu-32_khoan-1_p10650#SUBJECT#1,LocalMention,"Tổ chức trong nước, tổ chức tôn giáo, tổ chức tôn giáo trực thuộc",LegalSubject,CORRECTED,CONCEPT_MAP,"[RULE_MAP_S08] Auto-corrected: 'Tổ chức trong nước, tổ chức tôn giáo, tổ chức tôn giáo trực thuộc' → subtype=Organization, concept=LO2024.SUBJECT.DOMESTIC_ORGANIZATION",RULE_MAP_S08
doc_chuong-iii_muc-2_dieu-32_khoan-1_p10650#SUBJECT#2,LocalMention,Nhà nước,LegalSubject,CORRECTED,CONCEPT_MAP,"[RULE_MAP_S04] Auto-corrected: 'Nhà nước' → subtype=CentralAuthority, concept=LO2024.SUBJECT.STATE",RULE_MAP_S04
doc_chuong-iii_muc-2_dieu-32_khoan-2_p10839#SUBJECT#1,LocalMention,"Tổ chức trong nước, tổ chức tôn giáo, tổ chức tôn giáo trực thuộc",LegalSubject,CORRECTED,CONCEPT_MAP,"[RULE_MAP_S08] Auto-corrected: 'Tổ chức trong nước, tổ chức tôn giáo, tổ chức tôn giáo trực thuộc' → subtype=Organization, concept=LO2024.SUBJECT.DOMESTIC_ORGANIZATION",RULE_MAP_S08
doc_chuong-iii_muc-2_dieu-32_khoan-2_p10839#SUBJECT#2,LocalMention,Nhà nước,LegalSubject,CORRECTED,CONCEPT_MAP,"[RULE_MAP_S04] Auto-corrected: 'Nhà nước' → subtype=CentralAuthority, concept=LO2024.SUBJECT.STATE",RULE_MAP_S04
doc_chuong-iii_muc-2_dieu-32_khoan-2_p10839#OBJECT#1,LocalMention,"Quyền chuyển đổi, chuyển nhượng, tặng cho, cho thuê quyền sử dụng đất, thế chấp, góp vốn bằng quyền sử dụng đất",LegalObject,CORRECTED,CONCEPT_MAP,"[RULE_MAP_O01] Auto-corrected: 'Quyền chuyển đổi, chuyển nhượng, tặng cho, cho thuê quyền sử dụng đất, thế chấp, góp vốn bằng quyền sử dụng đất' → subtype=LandUseRight, concept=LO2024.OBJECT.LAND_USE_RIGHT",RULE_MAP_O01
doc_chuong-iii_muc-2_dieu-33_khoan-1_p11236#SUBJECT#1,LocalMention,Tổ chức kinh tế,LegalSubject,CORRECTED,CONCEPT_MAP,"[RULE_MAP_S08] Auto-corrected: 'Tổ chức kinh tế' → subtype=Organization, concept=LO2024.SUBJECT.DOMESTIC_ORGANIZATION",RULE_MAP_S08
doc_chuong-iii_muc-2_dieu-33_khoan-1_p11236#SUBJECT#2,LocalMention,Nhà nước,LegalSubject,CORRECTED,CONCEPT_MAP,"[RULE_MAP_S04] Auto-corrected: 'Nhà nước' → subtype=CentralAuthority, concept=LO2024.SUBJECT.STATE",RULE_MAP_S04
doc_chuong-iii_muc-2_dieu-33_khoan-1_diem-a_p11392#SUBJECT#1,LocalMention,Tổ chức kinh tế,LegalSubject,CORRECTED,CONCEPT_MAP,"[RULE_MAP_S08] Auto-corrected: 'Tổ chức kinh tế' → subtype=Organization, concept=LO2024.SUBJECT.DOMESTIC_ORGANIZATION",RULE_MAP_S08
doc_chuong-iii_muc-2_dieu-33_khoan-1_diem-b_p11462#SUBJECT#1,LocalMention,Tổ chức kinh tế,LegalSubject,CORRECTED,CONCEPT_MAP,"[RULE_MAP_S08] Auto-corrected: 'Tổ chức kinh tế' → subtype=Organization, concept=LO2024.SUBJECT.DOMESTIC_ORGANIZATION",RULE_MAP_S08
doc_chuong-iii_muc-2_dieu-33_khoan-1_diem-b_p11462#ACTION#1,LocalMention,Chuyển nhượng,LegalAction,CORRECTED,CONCEPT_MAP,"[RULE_MAP_A01] Auto-corrected: 'Chuyển nhượng' → subtype=TransferAction, concept=LO2024.ACTION.LAND_TRANSFER",RULE_MAP_A01
doc_chuong-iii_muc-2_dieu-33_khoan-1_diem-b_p11462#OBJECT#1,LocalMention,Quyền sử dụng đất,LegalObject,CORRECTED,CONCEPT_MAP,"[RULE_MAP_O01] Auto-corrected: 'Quyền sử dụng đất' → subtype=LandUseRight, concept=LO2024.OBJECT.LAND_USE_RIGHT",RULE_MAP_O01
doc_chuong-iii_muc-2_dieu-33_khoan-1_diem-c_p11543#SUBJECT#1,LocalMention,Tổ chức kinh tế,LegalSubject,CORRECTED,CONCEPT_MAP,"[RULE_MAP_S08] Auto-corrected: 'Tổ chức kinh tế' → subtype=Organization, concept=LO2024.SUBJECT.DOMESTIC_ORGANIZATION",RULE_MAP_S08
doc_chuong-iii_muc-2_dieu-33_khoan-1_diem-c_p11543#OBJECT#2,LocalMention,Quyền sử dụng đất,LegalObject,CORRECTED,CONCEPT_MAP,"[RULE_MAP_O01] Auto-corrected: 'Quyền sử dụng đất' → subtype=LandUseRight, concept=LO2024.OBJECT.LAND_USE_RIGHT",RULE_MAP_O01
doc_chuong-iii_muc-2_dieu-33_khoan-1_diem-d_p11859#SUBJECT#1,LocalMention,Tổ chức kinh tế,LegalSubject,CORRECTED,CONCEPT_MAP,"[RULE_MAP_S08] Auto-corrected: 'Tổ chức kinh tế' → subtype=Organization, concept=LO2024.SUBJECT.DOMESTIC_ORGANIZATION",RULE_MAP_S08
doc_chuong-iii_muc-2_dieu-33_khoan-1_diem-d_p11859#SUBJECT#2,LocalMention,Nhà nước,LegalSubject,CORRECTED,CONCEPT_MAP,"[RULE_MAP_S04] Auto-corrected: 'Nhà nước' → subtype=CentralAuthority, concept=LO2024.SUBJECT.STATE",RULE_MAP_S04
doc_chuong-iii_muc-2_dieu-33_khoan-1_diem-d_p12187#SUBJECT#1,LocalMention,Tổ chức kinh tế,LegalSubject,CORRECTED,CONCEPT_MAP,"[RULE_MAP_S08] Auto-corrected: 'Tổ chức kinh tế' → subtype=Organization, concept=LO2024.SUBJECT.DOMESTIC_ORGANIZATION",RULE_MAP_S08
doc_chuong-iii_muc-2_dieu-33_khoan-1_diem-d_p12187#ACTION#1,LocalMention,Thế chấp quyền sử dụng đất,LegalAction,CORRECTED,CONCEPT_MAP,"[RULE_MAP_A02] Auto-corrected: 'Thế chấp quyền sử dụng đất' → subtype=MortgageAction, concept=LO2024.ACTION.LAND_MORTGAGE",RULE_MAP_A02
doc_chuong-iii_muc-2_dieu-33_khoan-1_diem-d_p12187#OBJECT#1,LocalMention,quyền sử dụng đất,LegalObject,CORRECTED,CONCEPT_MAP,"[RULE_MAP_O01] Auto-corrected: 'quyền sử dụng đất' → subtype=LandUseRight, concept=LO2024.OBJECT.LAND_USE_RIGHT",RULE_MAP_O01
doc_chuong-iii_muc-2_dieu-33_khoan-1_diem-e_p12391#SUBJECT#1,LocalMention,Tổ chức kinh tế,LegalSubject,CORRECTED,CONCEPT_MAP,"[RULE_MAP_S08] Auto-corrected: 'Tổ chức kinh tế' → subtype=Organization, concept=LO2024.SUBJECT.DOMESTIC_ORGANIZATION",RULE_MAP_S08
doc_chuong-iii_muc-2_dieu-33_khoan-1_diem-e_p12391#OBJECT#1,LocalMention,Quyền sử dụng đất,LegalObject,CORRECTED,CONCEPT_MAP,"[RULE_MAP_O01] Auto-corrected: 'Quyền sử dụng đất' → subtype=LandUseRight, concept=LO2024.OBJECT.LAND_USE_RIGHT",RULE_MAP_O01
doc_chuong-iii_muc-2_dieu-33_khoan-1_diem-e_p12391#SUBJECT#2,LocalMention,Tổ chức trong nước,LegalSubject,CORRECTED,CONCEPT_MAP,"[RULE_MAP_S08] Auto-corrected: 'Tổ chức trong nước' → subtype=Organization, concept=LO2024.SUBJECT.DOMESTIC_ORGANIZATION",RULE_MAP_S08
doc_chuong-iii_muc-2_dieu-33_khoan-1_diem-e_p12391#SUBJECT#4,LocalMention,Người gốc Việt Nam định cư ở nước ngoài,LegalSubject,CORRECTED,CONCEPT_MAP,"[RULE_MAP_S05] Auto-corrected: 'Người gốc Việt Nam định cư ở nước ngoài' → subtype=OverseasVietnamese, concept=LO2024.SUBJECT.OVERSEAS_VIETNAMESE",RULE_MAP_S05
doc_chuong-iii_muc-2_dieu-33_khoan-1_diem-e_p12391#SUBJECT#5,LocalMention,Tổ chức kinh tế có vốn đầu tư nước ngoài,LegalSubject,CORRECTED,CONCEPT_MAP,"[RULE_MAP_S06] Auto-corrected: 'Tổ chức kinh tế có vốn đầu tư nước ngoài' → subtype=FDIEnterprise, concept=LO2024.SUBJECT.FDI_ENTERPRISE",RULE_MAP_S06
doc_chuong-iii_muc-2_dieu-33_khoan-2_p12614#SUBJECT#2,LocalMention,Nhà nước,LegalSubject,CORRECTED,CONCEPT_MAP,"[RULE_MAP_S04] Auto-corrected: 'Nhà nước' → subtype=CentralAuthority, concept=LO2024.SUBJECT.STATE",RULE_MAP_S04
doc_chuong-iii_muc-2_dieu-33_khoan-3_diem-a_p13127#SUBJECT#1,LocalMention,Tổ chức trong nước,LegalSubject,CORRECTED,CONCEPT_MAP,"[RULE_MAP_S08] Auto-corrected: 'Tổ chức trong nước' → subtype=Organization, concept=LO2024.SUBJECT.DOMESTIC_ORGANIZATION",RULE_MAP_S08
doc_chuong-iii_muc-2_dieu-33_khoan-3_diem-a_p13127#SUBJECT#2,LocalMention,Nhà nước,LegalSubject,CORRECTED,CONCEPT_MAP,"[RULE_MAP_S04] Auto-corrected: 'Nhà nước' → subtype=CentralAuthority, concept=LO2024.SUBJECT.STATE",RULE_MAP_S04
doc_chuong-iii_muc-2_dieu-33_khoan-3_diem-b_p13433#SUBJECT#1,LocalMention,Tổ chức trong nước,LegalSubject,CORRECTED,CONCEPT_MAP,"[RULE_MAP_S08] Auto-corrected: 'Tổ chức trong nước' → subtype=Organization, concept=LO2024.SUBJECT.DOMESTIC_ORGANIZATION",RULE_MAP_S08
doc_chuong-iii_muc-2_dieu-33_khoan-3_diem-b_p13433#SUBJECT#2,LocalMention,Nhà nước,LegalSubject,CORRECTED,CONCEPT_MAP,"[RULE_MAP_S04] Auto-corrected: 'Nhà nước' → subtype=CentralAuthority, concept=LO2024.SUBJECT.STATE",RULE_MAP_S04
doc_chuong-iii_muc-2_dieu-34_khoan-1_diem-a_p14396#SUBJECT#1,LocalMention,"Tổ chức kinh tế, tổ chức tôn giáo, tổ chức tôn giáo trực thuộc",LegalSubject,CORRECTED,CONCEPT_MAP,"[RULE_MAP_S08] Auto-corrected: 'Tổ chức kinh tế, tổ chức tôn giáo, tổ chức tôn giáo trực thuộc' → subtype=Organization, concept=LO2024.SUBJECT.DOMESTIC_ORGANIZATION",RULE_MAP_S08
doc_chuong-iii_muc-2_dieu-34_khoan-1_diem-a_p14396#SUBJECT#2,LocalMention,Nhà nước,LegalSubject,CORRECTED,CONCEPT_MAP,"[RULE_MAP_S04] Auto-corrected: 'Nhà nước' → subtype=CentralAuthority, concept=LO2024.SUBJECT.STATE",RULE_MAP_S04
doc_chuong-iii_muc-2_dieu-34_khoan-1_diem-b_p14466#SUBJECT#1,LocalMention,Tổ chức kinh tế,LegalSubject,CORRECTED,CONCEPT_MAP,"[RULE_MAP_S08] Auto-corrected: 'Tổ chức kinh tế' → subtype=Organization, concept=LO2024.SUBJECT.DOMESTIC_ORGANIZATION",RULE_MAP_S08
doc_chuong-iii_muc-2_dieu-34_khoan-1_diem-b_p14466#ACTION#1,LocalMention,Thế chấp tài sản thuộc sở hữu của mình gắn liền với đất,LegalAction,CORRECTED,CONCEPT_MAP,"[RULE_MAP_A02] Auto-corrected: 'Thế chấp tài sản thuộc sở hữu của mình gắn liền với đất' → subtype=MortgageAction, concept=LO2024.ACTION.LAND_MORTGAGE",RULE_MAP_A02
doc_chuong-iii_muc-2_dieu-34_khoan-1_diem-c_p14648#SUBJECT#1,LocalMention,"Tổ chức kinh tế, tổ chức tôn giáo, tổ chức tôn giáo trực thuộc",LegalSubject,CORRECTED,CONCEPT_MAP,"[RULE_MAP_S08] Auto-corrected: 'Tổ chức kinh tế, tổ chức tôn giáo, tổ chức tôn giáo trực thuộc' → subtype=Organization, concept=LO2024.SUBJECT.DOMESTIC_ORGANIZATION",RULE_MAP_S08
doc_chuong-iii_muc-2_dieu-34_khoan-1_diem-c_p14648#SUBJECT#2,LocalMention,Người mua tài sản gắn liền với đất và quyền thuê trong hợp đồng thuê đất,LegalSubject,UNRESOLVED,CONFLICT,[RULE_MAP_S_AUDIT_01] Potential role conflict (UNRESOLVED): 'Người mua tài sản gắn liền với đất và quyền thuê trong hợp đồng thuê đất' được gán SUBJECT nhưng match pattern 'hợp đồng'.,RULE_MAP_S_AUDIT_01
doc_chuong-iii_muc-2_dieu-34_khoan-1_diem-d_p15135#SUBJECT#1,LocalMention,"Tổ chức kinh tế, tổ chức tôn giáo, tổ chức tôn giáo trực thuộc",LegalSubject,CORRECTED,CONCEPT_MAP,"[RULE_MAP_S08] Auto-corrected: 'Tổ chức kinh tế, tổ chức tôn giáo, tổ chức tôn giáo trực thuộc' → subtype=Organization, concept=LO2024.SUBJECT.DOMESTIC_ORGANIZATION",RULE_MAP_S08
doc_chuong-iii_muc-2_dieu-34_khoan-1_diem-d_p15135#SUBJECT#2,LocalMention,Nhà nước,LegalSubject,CORRECTED,CONCEPT_MAP,"[RULE_MAP_S04] Auto-corrected: 'Nhà nước' → subtype=CentralAuthority, concept=LO2024.SUBJECT.STATE",RULE_MAP_S04
doc_chuong-iii_muc-2_dieu-34_khoan-1_diem-d_p15343#SUBJECT#1,LocalMention,"Tổ chức kinh tế, tổ chức tôn giáo, tổ chức tôn giáo trực thuộc",LegalSubject,CORRECTED,CONCEPT_MAP,"[RULE_MAP_S08] Auto-corrected: 'Tổ chức kinh tế, tổ chức tôn giáo, tổ chức tôn giáo trực thuộc' → subtype=Organization, concept=LO2024.SUBJECT.DOMESTIC_ORGANIZATION",RULE_MAP_S08
doc_chuong-iii_muc-2_dieu-34_khoan-1_diem-e_p15442#SUBJECT#1,LocalMention,"Tổ chức kinh tế, tổ chức tôn giáo, tổ chức tôn giáo trực thuộc",LegalSubject,CORRECTED,CONCEPT_MAP,"[RULE_MAP_S08] Auto-corrected: 'Tổ chức kinh tế, tổ chức tôn giáo, tổ chức tôn giáo trực thuộc' → subtype=Organization, concept=LO2024.SUBJECT.DOMESTIC_ORGANIZATION",RULE_MAP_S08
doc_chuong-iii_muc-2_dieu-34_khoan-1_diem-e_p15442#OBJECT#1,LocalMention,Quyền sử dụng đất,LegalObject,CORRECTED,CONCEPT_MAP,"[RULE_MAP_O01] Auto-corrected: 'Quyền sử dụng đất' → subtype=LandUseRight, concept=LO2024.OBJECT.LAND_USE_RIGHT",RULE_MAP_O01
doc_chuong-iii_muc-2_dieu-34_khoan-2_p15825#SUBJECT#2,LocalMention,Nhà nước,LegalSubject,CORRECTED,CONCEPT_MAP,"[RULE_MAP_S04] Auto-corrected: 'Nhà nước' → subtype=CentralAuthority, concept=LO2024.SUBJECT.STATE",RULE_MAP_S04
doc_chuong-iii_muc-2_dieu-34_khoan-2_p15825#ACTION#2,LocalMention,Quyền thế chấp,LegalAction,CORRECTED,CONCEPT_MAP,"[RULE_MAP_A02] Auto-corrected: 'Quyền thế chấp' → subtype=MortgageAction, concept=LO2024.ACTION.LAND_MORTGAGE",RULE_MAP_A02
doc_chuong-iii_muc-2_dieu-34_khoan-2_diem-a_p16355#SUBJECT#2,LocalMention,Nhà nước,LegalSubject,CORRECTED,CONCEPT_MAP,"[RULE_MAP_S04] Auto-corrected: 'Nhà nước' → subtype=CentralAuthority, concept=LO2024.SUBJECT.STATE",RULE_MAP_S04
doc_chuong-iii_muc-2_dieu-34_khoan-2_diem-b_p16777#SUBJECT#2,LocalMention,Nhà nước,LegalSubject,CORRECTED,CONCEPT_MAP,"[RULE_MAP_S04] Auto-corrected: 'Nhà nước' → subtype=CentralAuthority, concept=LO2024.SUBJECT.STATE",RULE_MAP_S04
doc_chuong-iii_muc-2_dieu-34_khoan-3_p17074#SUBJECT#1,LocalMention,Tổ chức kinh tế,LegalSubject,CORRECTED,CONCEPT_MAP,"[RULE_MAP_S08] Auto-corrected: 'Tổ chức kinh tế' → subtype=Organization, concept=LO2024.SUBJECT.DOMESTIC_ORGANIZATION",RULE_MAP_S08
doc_chuong-iii_muc-2_dieu-35_khoan-1_p17394#SUBJECT#1,LocalMention,Tổ chức kinh tế,LegalSubject,CORRECTED,CONCEPT_MAP,"[RULE_MAP_S08] Auto-corrected: 'Tổ chức kinh tế' → subtype=Organization, concept=LO2024.SUBJECT.DOMESTIC_ORGANIZATION",RULE_MAP_S08
doc_chuong-iii_muc-2_dieu-35_khoan-2_p17549#SUBJECT#1,LocalMention,Tổ chức kinh tế,LegalSubject,CORRECTED,CONCEPT_MAP,"[RULE_MAP_S08] Auto-corrected: 'Tổ chức kinh tế' → subtype=Organization, concept=LO2024.SUBJECT.DOMESTIC_ORGANIZATION",RULE_MAP_S08
doc_chuong-iii_muc-2_dieu-35_khoan-2_p17549#ACTION#1,LocalMention,Chuyển nhượng quyền sử dụng đất,LegalAction,CORRECTED,CONCEPT_MAP,"[RULE_MAP_A01] Auto-corrected: 'Chuyển nhượng quyền sử dụng đất' → subtype=TransferAction, concept=LO2024.ACTION.LAND_TRANSFER",RULE_MAP_A01
doc_chuong-iii_muc-2_dieu-35_khoan-2_p17549#SUBJECT#2,LocalMention,Nhà nước,LegalSubject,CORRECTED,CONCEPT_MAP,"[RULE_MAP_S04] Auto-corrected: 'Nhà nước' → subtype=CentralAuthority, concept=LO2024.SUBJECT.STATE",RULE_MAP_S04
doc_chuong-iii_muc-2_dieu-35_khoan-3_diem-a_p17947#SUBJECT#1,LocalMention,Tổ chức kinh tế,LegalSubject,CORRECTED,CONCEPT_MAP,"[RULE_MAP_S08] Auto-corrected: 'Tổ chức kinh tế' → subtype=Organization, concept=LO2024.SUBJECT.DOMESTIC_ORGANIZATION",RULE_MAP_S08
doc_chuong-iii_muc-2_dieu-35_khoan-3_diem-a_p17947#ACTION#1,LocalMention,Nhận chuyển nhượng,LegalAction,CORRECTED,CONCEPT_MAP,"[RULE_MAP_A01] Auto-corrected: 'Nhận chuyển nhượng' → subtype=TransferAction, concept=LO2024.ACTION.LAND_TRANSFER",RULE_MAP_A01
doc_chuong-iii_muc-2_dieu-35_khoan-3_diem-b_p18093#SUBJECT#1,LocalMention,Tổ chức kinh tế,LegalSubject,CORRECTED,CONCEPT_MAP,"[RULE_MAP_S08] Auto-corrected: 'Tổ chức kinh tế' → subtype=Organization, concept=LO2024.SUBJECT.DOMESTIC_ORGANIZATION",RULE_MAP_S08
doc_chuong-iii_muc-2_dieu-35_khoan-3_diem-b_p18093#SUBJECT#2,LocalMention,Nhà nước,LegalSubject,CORRECTED,CONCEPT_MAP,"[RULE_MAP_S04] Auto-corrected: 'Nhà nước' → subtype=CentralAuthority, concept=LO2024.SUBJECT.STATE",RULE_MAP_S04
doc_chuong-iii_muc-2_dieu-35_khoan-3_diem-b_p18093#ACTION#1,LocalMention,Chuyển nhượng,LegalAction,CORRECTED,CONCEPT_MAP,"[RULE_MAP_A01] Auto-corrected: 'Chuyển nhượng' → subtype=TransferAction, concept=LO2024.ACTION.LAND_TRANSFER",RULE_MAP_A01
doc_chuong-iii_muc-2_dieu-35_khoan-3_diem-c_p18366#SUBJECT#1,LocalMention,Tổ chức kinh tế,LegalSubject,CORRECTED,CONCEPT_MAP,"[RULE_MAP_S08] Auto-corrected: 'Tổ chức kinh tế' → subtype=Organization, concept=LO2024.SUBJECT.DOMESTIC_ORGANIZATION",RULE_MAP_S08
doc_chuong-iii_muc-2_dieu-35_khoan-3_diem-c_p18366#SUBJECT#2,LocalMention,Nhà nước,LegalSubject,CORRECTED,CONCEPT_MAP,"[RULE_MAP_S04] Auto-corrected: 'Nhà nước' → subtype=CentralAuthority, concept=LO2024.SUBJECT.STATE",RULE_MAP_S04
doc_chuong-iii_muc-2_dieu-35_khoan-3_diem-c_p18366#ACTION#1,LocalMention,Chuyển nhượng,LegalAction,CORRECTED,CONCEPT_MAP,"[RULE_MAP_A01] Auto-corrected: 'Chuyển nhượng' → subtype=TransferAction, concept=LO2024.ACTION.LAND_TRANSFER",RULE_MAP_A01
doc_chuong-iii_muc-2_dieu-35_khoan-4_diem-a_p18800#SUBJECT#1,LocalMention,Nhà nước,LegalSubject,CORRECTED,CONCEPT_MAP,"[RULE_MAP_S04] Auto-corrected: 'Nhà nước' → subtype=CentralAuthority, concept=LO2024.SUBJECT.STATE",RULE_MAP_S04
doc_chuong-iii_muc-2_dieu-35_khoan-4_diem-b_p19014#SUBJECT#1,LocalMention,Nhà nước,LegalSubject,CORRECTED,CONCEPT_MAP,"[RULE_MAP_S04] Auto-corrected: 'Nhà nước' → subtype=CentralAuthority, concept=LO2024.SUBJECT.STATE",RULE_MAP_S04
doc_chuong-iii_muc-2_dieu-36_khoan-1_p19302#SUBJECT#1,LocalMention,Tổ chức kinh tế,LegalSubject,CORRECTED,CONCEPT_MAP,"[RULE_MAP_S08] Auto-corrected: 'Tổ chức kinh tế' → subtype=Organization, concept=LO2024.SUBJECT.DOMESTIC_ORGANIZATION",RULE_MAP_S08
doc_chuong-iii_muc-2_dieu-36_khoan-1_diem-a_p19477#SUBJECT#1,LocalMention,Tổ chức kinh tế,LegalSubject,CORRECTED,CONCEPT_MAP,"[RULE_MAP_S08] Auto-corrected: 'Tổ chức kinh tế' → subtype=Organization, concept=LO2024.SUBJECT.DOMESTIC_ORGANIZATION",RULE_MAP_S08
doc_chuong-iii_muc-2_dieu-36_khoan-1_diem-a_p19477#SUBJECT#2,LocalMention,Nhà nước,LegalSubject,CORRECTED,CONCEPT_MAP,"[RULE_MAP_S04] Auto-corrected: 'Nhà nước' → subtype=CentralAuthority, concept=LO2024.SUBJECT.STATE",RULE_MAP_S04
doc_chuong-iii_muc-2_dieu-36_khoan-2_diem-a_p19897#SUBJECT#1,LocalMention,Nhà nước,LegalSubject,CORRECTED,CONCEPT_MAP,"[RULE_MAP_S04] Auto-corrected: 'Nhà nước' → subtype=CentralAuthority, concept=LO2024.SUBJECT.STATE",RULE_MAP_S04
doc_chuong-iii_muc-2_dieu-36_khoan-2_diem-b_p20347#SUBJECT#1,LocalMention,Nhà nước,LegalSubject,CORRECTED,CONCEPT_MAP,"[RULE_MAP_S04] Auto-corrected: 'Nhà nước' → subtype=CentralAuthority, concept=LO2024.SUBJECT.STATE",RULE_MAP_S04
doc_chuong-iii_muc-2_dieu-36_khoan-2_diem-b_p20347#OBJECT#1,LocalMention,Quyền sử dụng đất,LegalObject,CORRECTED,CONCEPT_MAP,"[RULE_MAP_O01] Auto-corrected: 'Quyền sử dụng đất' → subtype=LandUseRight, concept=LO2024.OBJECT.LAND_USE_RIGHT",RULE_MAP_O01
doc_chuong-iii_muc-2_dieu-36_khoan-3_p20984#OBJECT#1,LocalMention,Quyền sử dụng đất,LegalObject,CORRECTED,CONCEPT_MAP,"[RULE_MAP_O01] Auto-corrected: 'Quyền sử dụng đất' → subtype=LandUseRight, concept=LO2024.OBJECT.LAND_USE_RIGHT",RULE_MAP_O01
doc_chuong-iii_muc-2_dieu-36_khoan-3_p20984#SUBJECT#1,LocalMention,tổ chức kinh tế,LegalSubject,CORRECTED,CONCEPT_MAP,"[RULE_MAP_S08] Auto-corrected: 'tổ chức kinh tế' → subtype=Organization, concept=LO2024.SUBJECT.DOMESTIC_ORGANIZATION",RULE_MAP_S08
doc_chuong-iii_muc-2_dieu-36_khoan-3_p20984#SUBJECT#2,LocalMention,doanh nghiệp,LegalSubject,CORRECTED,CONCEPT_MAP,"[RULE_MAP_S08] Auto-corrected: 'doanh nghiệp' → subtype=Organization, concept=LO2024.SUBJECT.DOMESTIC_ORGANIZATION",RULE_MAP_S08
doc_chuong-iii_muc-3_dieu-37_khoan-1_diem-b_p21698#OBJECT#1,LocalMention,Quyền sử dụng đất nông nghiệp,LegalObject,CORRECTED,CONCEPT_MAP,"[RULE_MAP_O01] Auto-corrected: 'Quyền sử dụng đất nông nghiệp' → subtype=LandUseRight, concept=LO2024.OBJECT.LAND_USE_RIGHT",RULE_MAP_O01
doc_chuong-iii_muc-3_dieu-37_khoan-1_diem-c_p21757#ACTION#1,LocalMention,Chuyển nhượng,LegalAction,CORRECTED,CONCEPT_MAP,"[RULE_MAP_A01] Auto-corrected: 'Chuyển nhượng' → subtype=TransferAction, concept=LO2024.ACTION.LAND_TRANSFER",RULE_MAP_A01
doc_chuong-iii_muc-3_dieu-37_khoan-1_diem-c_p21757#OBJECT#1,LocalMention,Quyền sử dụng đất,LegalObject,CORRECTED,CONCEPT_MAP,"[RULE_MAP_O01] Auto-corrected: 'Quyền sử dụng đất' → subtype=LandUseRight, concept=LO2024.OBJECT.LAND_USE_RIGHT",RULE_MAP_O01
doc_chuong-iii_muc-3_dieu-37_khoan-1_diem-d_p21866#SUBJECT#2,LocalMention,Nhà nước,LegalSubject,CORRECTED,CONCEPT_MAP,"[RULE_MAP_S04] Auto-corrected: 'Nhà nước' → subtype=CentralAuthority, concept=LO2024.SUBJECT.STATE",RULE_MAP_S04
doc_chuong-iii_muc-3_dieu-37_khoan-1_diem-d_p21866#OBJECT#1,LocalMention,Quyền sử dụng đất,LegalObject,CORRECTED,CONCEPT_MAP,"[RULE_MAP_O01] Auto-corrected: 'Quyền sử dụng đất' → subtype=LandUseRight, concept=LO2024.OBJECT.LAND_USE_RIGHT",RULE_MAP_O01
doc_chuong-iii_muc-3_dieu-37_khoan-1_diem-d_p22025#SUBJECT#2,LocalMention,Người gốc Việt Nam định cư ở nước ngoài,LegalSubject,CORRECTED,CONCEPT_MAP,"[RULE_MAP_S05] Auto-corrected: 'Người gốc Việt Nam định cư ở nước ngoài' → subtype=OverseasVietnamese, concept=LO2024.SUBJECT.OVERSEAS_VIETNAMESE",RULE_MAP_S05
doc_chuong-iii_muc-3_dieu-37_khoan-1_diem-e_p22461#SUBJECT#2,LocalMention,Nhà nước,LegalSubject,CORRECTED,CONCEPT_MAP,"[RULE_MAP_S04] Auto-corrected: 'Nhà nước' → subtype=CentralAuthority, concept=LO2024.SUBJECT.STATE",RULE_MAP_S04
doc_chuong-iii_muc-3_dieu-37_khoan-1_diem-e_p22461#OBJECT#1,LocalMention,Quyền sử dụng đất,LegalObject,CORRECTED,CONCEPT_MAP,"[RULE_MAP_O01] Auto-corrected: 'Quyền sử dụng đất' → subtype=LandUseRight, concept=LO2024.OBJECT.LAND_USE_RIGHT",RULE_MAP_O01
doc_chuong-iii_muc-3_dieu-37_khoan-1_diem-g_p22984#ACTION#1,LocalMention,Thế chấp quyền sử dụng đất,LegalAction,CORRECTED,CONCEPT_MAP,"[RULE_MAP_A02] Auto-corrected: 'Thế chấp quyền sử dụng đất' → subtype=MortgageAction, concept=LO2024.ACTION.LAND_MORTGAGE",RULE_MAP_A02
doc_chuong-iii_muc-3_dieu-37_khoan-1_diem-h_p23181#SUBJECT#2,LocalMention,Nhà nước,LegalSubject,CORRECTED,CONCEPT_MAP,"[RULE_MAP_S04] Auto-corrected: 'Nhà nước' → subtype=CentralAuthority, concept=LO2024.SUBJECT.STATE",RULE_MAP_S04
doc_chuong-iii_muc-3_dieu-37_khoan-1_diem-h_p23181#OBJECT#1,LocalMention,Quyền sử dụng đất,LegalObject,CORRECTED,CONCEPT_MAP,"[RULE_MAP_O01] Auto-corrected: 'Quyền sử dụng đất' → subtype=LandUseRight, concept=LO2024.OBJECT.LAND_USE_RIGHT",RULE_MAP_O01
doc_chuong-iii_muc-3_dieu-37_khoan-1_diem-h_p23181#SUBJECT#5,LocalMention,Người gốc Việt Nam định cư ở nước ngoài,LegalSubject,CORRECTED,CONCEPT_MAP,"[RULE_MAP_S05] Auto-corrected: 'Người gốc Việt Nam định cư ở nước ngoài' → subtype=OverseasVietnamese, concept=LO2024.SUBJECT.OVERSEAS_VIETNAMESE",RULE_MAP_S05
doc_chuong-iii_muc-3_dieu-37_khoan-2_p23381#SUBJECT#2,LocalMention,Nhà nước,LegalSubject,CORRECTED,CONCEPT_MAP,"[RULE_MAP_S04] Auto-corrected: 'Nhà nước' → subtype=CentralAuthority, concept=LO2024.SUBJECT.STATE",RULE_MAP_S04
doc_chuong-iii_muc-3_dieu-37_khoan-2_diem-b_p23547#SUBJECT#2,LocalMention,Nhà nước,LegalSubject,CORRECTED,CONCEPT_MAP,"[RULE_MAP_S04] Auto-corrected: 'Nhà nước' → subtype=CentralAuthority, concept=LO2024.SUBJECT.STATE",RULE_MAP_S04
doc_chuong-iii_muc-3_dieu-37_khoan-2_diem-c_p24048#SUBJECT#3,LocalMention,Nhà nước,LegalSubject,CORRECTED,CONCEPT_MAP,"[RULE_MAP_S04] Auto-corrected: 'Nhà nước' → subtype=CentralAuthority, concept=LO2024.SUBJECT.STATE",RULE_MAP_S04
doc_chuong-iii_muc-3_dieu-37_khoan-2_diem-d_p24415#ACTION#1,LocalMention,Thế chấp,LegalAction,CORRECTED,CONCEPT_MAP,"[RULE_MAP_A02] Auto-corrected: 'Thế chấp' → subtype=MortgageAction, concept=LO2024.ACTION.LAND_MORTGAGE",RULE_MAP_A02
doc_chuong-iii_muc-3_dieu-37_khoan-2_diem-e_p24600#SUBJECT#2,LocalMention,Nhà nước,LegalSubject,CORRECTED,CONCEPT_MAP,"[RULE_MAP_S04] Auto-corrected: 'Nhà nước' → subtype=CentralAuthority, concept=LO2024.SUBJECT.STATE",RULE_MAP_S04
doc_chuong-iii_muc-3_dieu-37_khoan-4_p25242#SUBJECT#2,LocalMention,Nhà nước,LegalSubject,CORRECTED,CONCEPT_MAP,"[RULE_MAP_S04] Auto-corrected: 'Nhà nước' → subtype=CentralAuthority, concept=LO2024.SUBJECT.STATE",RULE_MAP_S04
doc_chuong-iii_muc-3_dieu-38_khoan-1_p25756#SUBJECT#2,LocalMention,Nhà nước,LegalSubject,CORRECTED,CONCEPT_MAP,"[RULE_MAP_S04] Auto-corrected: 'Nhà nước' → subtype=CentralAuthority, concept=LO2024.SUBJECT.STATE",RULE_MAP_S04
doc_chuong-iii_muc-3_dieu-38_khoan-2_diem-a_p26278#SUBJECT#1,LocalMention,Nhà nước,LegalSubject,CORRECTED,CONCEPT_MAP,"[RULE_MAP_S04] Auto-corrected: 'Nhà nước' → subtype=CentralAuthority, concept=LO2024.SUBJECT.STATE",RULE_MAP_S04
doc_chuong-iii_muc-3_dieu-38_khoan-2_diem-b_p26470#SUBJECT#1,LocalMention,Nhà nước,LegalSubject,CORRECTED,CONCEPT_MAP,"[RULE_MAP_S04] Auto-corrected: 'Nhà nước' → subtype=CentralAuthority, concept=LO2024.SUBJECT.STATE",RULE_MAP_S04
doc_chuong-iii_muc-3_dieu-39_khoan-2_p26765#SUBJECT#2,LocalMention,Nhà nước,LegalSubject,CORRECTED,CONCEPT_MAP,"[RULE_MAP_S04] Auto-corrected: 'Nhà nước' → subtype=CentralAuthority, concept=LO2024.SUBJECT.STATE",RULE_MAP_S04
doc_chuong-iii_muc-3_dieu-39_khoan-2_p26765#ACTION#3,LocalMention,"quyền chuyển đổi, chuyển nhượng, tặng cho, cho thuê quyền sử dụng đất, thế chấp, góp vốn bằng quyền sử dụng đất",LegalAction,CORRECTED,CONCEPT_MAP,"[RULE_MAP_A01] Auto-corrected: 'quyền chuyển đổi, chuyển nhượng, tặng cho, cho thuê quyền sử dụng đất, thế chấp, góp vốn bằng quyền sử dụng đất' → subtype=TransferAction, concept=LO2024.ACTION.LAND_TRANSFER",RULE_MAP_A01
doc_chuong-iii_muc-4_dieu-40_khoan-1_diem-b_p27606#SUBJECT#2,LocalMention,cơ quan nhà nước Việt Nam có thẩm quyền,LegalSubject,CORRECTED,CONCEPT_MAP,"[RULE_MAP_S04] Auto-corrected: 'cơ quan nhà nước Việt Nam có thẩm quyền' → subtype=CentralAuthority, concept=LO2024.SUBJECT.STATE",RULE_MAP_S04
doc_chuong-iii_muc-4_dieu-41_khoan-1_p28366#SUBJECT#1,LocalMention,Người gốc Việt Nam định cư ở nước ngoài,LegalSubject,CORRECTED,CONCEPT_MAP,"[RULE_MAP_S05] Auto-corrected: 'Người gốc Việt Nam định cư ở nước ngoài' → subtype=OverseasVietnamese, concept=LO2024.SUBJECT.OVERSEAS_VIETNAMESE",RULE_MAP_S05
doc_chuong-iii_muc-4_dieu-41_khoan-1_p28366#SUBJECT#2,LocalMention,Nhà nước,LegalSubject,CORRECTED,CONCEPT_MAP,"[RULE_MAP_S04] Auto-corrected: 'Nhà nước' → subtype=CentralAuthority, concept=LO2024.SUBJECT.STATE",RULE_MAP_S04
doc_chuong-iii_muc-4_dieu-41_khoan-2_p28544#SUBJECT#1,LocalMention,Người gốc Việt Nam định cư ở nước ngoài,LegalSubject,CORRECTED,CONCEPT_MAP,"[RULE_MAP_S05] Auto-corrected: 'Người gốc Việt Nam định cư ở nước ngoài' → subtype=OverseasVietnamese, concept=LO2024.SUBJECT.OVERSEAS_VIETNAMESE",RULE_MAP_S05
doc_chuong-iii_muc-4_dieu-41_khoan-2_p28544#SUBJECT#2,LocalMention,Tổ chức kinh tế có vốn đầu tư nước ngoài,LegalSubject,CORRECTED,CONCEPT_MAP,"[RULE_MAP_S06] Auto-corrected: 'Tổ chức kinh tế có vốn đầu tư nước ngoài' → subtype=FDIEnterprise, concept=LO2024.SUBJECT.FDI_ENTERPRISE",RULE_MAP_S06
doc_chuong-iii_muc-4_dieu-41_khoan-2_p28544#SUBJECT#3,LocalMention,Nhà nước,LegalSubject,CORRECTED,CONCEPT_MAP,"[RULE_MAP_S04] Auto-corrected: 'Nhà nước' → subtype=CentralAuthority, concept=LO2024.SUBJECT.STATE",RULE_MAP_S04
doc_chuong-iii_muc-4_dieu-41_khoan-2_diem-b_p28784#SUBJECT#1,LocalMention,"Người gốc Việt Nam định cư ở nước ngoài, tổ chức kinh tế có vốn đầu tư nước ngoài",LegalSubject,CORRECTED,CONCEPT_MAP,"[RULE_MAP_S05] Auto-corrected: 'Người gốc Việt Nam định cư ở nước ngoài, tổ chức kinh tế có vốn đầu tư nước ngoài' → subtype=OverseasVietnamese, concept=LO2024.SUBJECT.OVERSEAS_VIETNAMESE",RULE_MAP_S05
doc_chuong-iii_muc-4_dieu-41_khoan-2_diem-b_p28784#ACTION#1,LocalMention,Thế chấp,LegalAction,CORRECTED,CONCEPT_MAP,"[RULE_MAP_A02] Auto-corrected: 'Thế chấp' → subtype=MortgageAction, concept=LO2024.ACTION.LAND_MORTGAGE",RULE_MAP_A02
doc_chuong-iii_muc-4_dieu-41_khoan-2_diem-c_p28899#SUBJECT#1,LocalMention,Người gốc Việt Nam định cư ở nước ngoài,LegalSubject,CORRECTED,CONCEPT_MAP,"[RULE_MAP_S05] Auto-corrected: 'Người gốc Việt Nam định cư ở nước ngoài' → subtype=OverseasVietnamese, concept=LO2024.SUBJECT.OVERSEAS_VIETNAMESE",RULE_MAP_S05
doc_chuong-iii_muc-4_dieu-41_khoan-2_diem-c_p28899#SUBJECT#2,LocalMention,Tổ chức kinh tế có vốn đầu tư nước ngoài,LegalSubject,CORRECTED,CONCEPT_MAP,"[RULE_MAP_S06] Auto-corrected: 'Tổ chức kinh tế có vốn đầu tư nước ngoài' → subtype=FDIEnterprise, concept=LO2024.SUBJECT.FDI_ENTERPRISE",RULE_MAP_S06
doc_chuong-iii_muc-4_dieu-41_khoan-2_diem-c_p28899#SUBJECT#3,LocalMention,Nhà nước,LegalSubject,CORRECTED,CONCEPT_MAP,"[RULE_MAP_S04] Auto-corrected: 'Nhà nước' → subtype=CentralAuthority, concept=LO2024.SUBJECT.STATE",RULE_MAP_S04
doc_chuong-iii_muc-4_dieu-41_khoan-2_diem-d_p29112#SUBJECT#1,LocalMention,Người gốc Việt Nam định cư ở nước ngoài,LegalSubject,CORRECTED,CONCEPT_MAP,"[RULE_MAP_S05] Auto-corrected: 'Người gốc Việt Nam định cư ở nước ngoài' → subtype=OverseasVietnamese, concept=LO2024.SUBJECT.OVERSEAS_VIETNAMESE",RULE_MAP_S05
doc_chuong-iii_muc-4_dieu-41_khoan-2_diem-d_p29112#SUBJECT#2,LocalMention,Tổ chức kinh tế có vốn đầu tư nước ngoài,LegalSubject,CORRECTED,CONCEPT_MAP,"[RULE_MAP_S06] Auto-corrected: 'Tổ chức kinh tế có vốn đầu tư nước ngoài' → subtype=FDIEnterprise, concept=LO2024.SUBJECT.FDI_ENTERPRISE",RULE_MAP_S06
doc_chuong-iii_muc-4_dieu-41_khoan-2_diem-d_p29572#SUBJECT#1,LocalMention,"Người gốc Việt Nam định cư ở nước ngoài, tổ chức kinh tế có vốn đầu tư nước ngoài",LegalSubject,CORRECTED,CONCEPT_MAP,"[RULE_MAP_S05] Auto-corrected: 'Người gốc Việt Nam định cư ở nước ngoài, tổ chức kinh tế có vốn đầu tư nước ngoài' → subtype=OverseasVietnamese, concept=LO2024.SUBJECT.OVERSEAS_VIETNAMESE",RULE_MAP_S05
doc_chuong-iii_muc-4_dieu-41_khoan-2_diem-e_p29670#SUBJECT#1,LocalMention,Người gốc Việt Nam định cư ở nước ngoài,LegalSubject,CORRECTED,CONCEPT_MAP,"[RULE_MAP_S05] Auto-corrected: 'Người gốc Việt Nam định cư ở nước ngoài' → subtype=OverseasVietnamese, concept=LO2024.SUBJECT.OVERSEAS_VIETNAMESE",RULE_MAP_S05
doc_chuong-iii_muc-4_dieu-41_khoan-2_diem-e_p29670#SUBJECT#2,LocalMention,Tổ chức kinh tế có vốn đầu tư nước ngoài,LegalSubject,CORRECTED,CONCEPT_MAP,"[RULE_MAP_S06] Auto-corrected: 'Tổ chức kinh tế có vốn đầu tư nước ngoài' → subtype=FDIEnterprise, concept=LO2024.SUBJECT.FDI_ENTERPRISE",RULE_MAP_S06
doc_chuong-iii_muc-4_dieu-41_khoan-2_diem-e_p29670#SUBJECT#3,LocalMention,Nhà nước,LegalSubject,CORRECTED,CONCEPT_MAP,"[RULE_MAP_S04] Auto-corrected: 'Nhà nước' → subtype=CentralAuthority, concept=LO2024.SUBJECT.STATE",RULE_MAP_S04
doc_chuong-iii_muc-4_dieu-41_khoan-3_p30039#SUBJECT#1,LocalMention,Người gốc Việt Nam định cư ở nước ngoài,LegalSubject,CORRECTED,CONCEPT_MAP,"[RULE_MAP_S05] Auto-corrected: 'Người gốc Việt Nam định cư ở nước ngoài' → subtype=OverseasVietnamese, concept=LO2024.SUBJECT.OVERSEAS_VIETNAMESE",RULE_MAP_S05
doc_chuong-iii_muc-4_dieu-41_khoan-3_p30039#SUBJECT#2,LocalMention,Tổ chức kinh tế có vốn đầu tư nước ngoài,LegalSubject,CORRECTED,CONCEPT_MAP,"[RULE_MAP_S06] Auto-corrected: 'Tổ chức kinh tế có vốn đầu tư nước ngoài' → subtype=FDIEnterprise, concept=LO2024.SUBJECT.FDI_ENTERPRISE",RULE_MAP_S06
doc_chuong-iii_muc-4_dieu-41_khoan-3_p30039#SUBJECT#3,LocalMention,Nhà nước,LegalSubject,CORRECTED,CONCEPT_MAP,"[RULE_MAP_S04] Auto-corrected: 'Nhà nước' → subtype=CentralAuthority, concept=LO2024.SUBJECT.STATE",RULE_MAP_S04
doc_chuong-iii_muc-4_dieu-41_khoan-3_diem-b_p30408#SUBJECT#1,LocalMention,Người gốc Việt Nam định cư ở nước ngoài,LegalSubject,CORRECTED,CONCEPT_MAP,"[RULE_MAP_S05] Auto-corrected: 'Người gốc Việt Nam định cư ở nước ngoài' → subtype=OverseasVietnamese, concept=LO2024.SUBJECT.OVERSEAS_VIETNAMESE",RULE_MAP_S05
doc_chuong-iii_muc-4_dieu-41_khoan-3_diem-b_p30408#SUBJECT#2,LocalMention,Tổ chức kinh tế có vốn đầu tư nước ngoài,LegalSubject,CORRECTED,CONCEPT_MAP,"[RULE_MAP_S06] Auto-corrected: 'Tổ chức kinh tế có vốn đầu tư nước ngoài' → subtype=FDIEnterprise, concept=LO2024.SUBJECT.FDI_ENTERPRISE",RULE_MAP_S06
doc_chuong-iii_muc-4_dieu-41_khoan-3_diem-b_p30408#ACTION#1,LocalMention,Chuyển nhượng,LegalAction,CORRECTED,CONCEPT_MAP,"[RULE_MAP_A01] Auto-corrected: 'Chuyển nhượng' → subtype=TransferAction, concept=LO2024.ACTION.LAND_TRANSFER",RULE_MAP_A01
doc_chuong-iii_muc-4_dieu-41_khoan-3_diem-b_p30408#OBJECT#1,LocalMention,Quyền sử dụng đất,LegalObject,CORRECTED,CONCEPT_MAP,"[RULE_MAP_O01] Auto-corrected: 'Quyền sử dụng đất' → subtype=LandUseRight, concept=LO2024.OBJECT.LAND_USE_RIGHT",RULE_MAP_O01
doc_chuong-iii_muc-4_dieu-41_khoan-3_diem-c_p30516#SUBJECT#1,LocalMention,Người gốc Việt Nam định cư ở nước ngoài,LegalSubject,CORRECTED,CONCEPT_MAP,"[RULE_MAP_S05] Auto-corrected: 'Người gốc Việt Nam định cư ở nước ngoài' → subtype=OverseasVietnamese, concept=LO2024.SUBJECT.OVERSEAS_VIETNAMESE",RULE_MAP_S05
doc_chuong-iii_muc-4_dieu-41_khoan-3_diem-c_p30516#SUBJECT#2,LocalMention,Tổ chức kinh tế có vốn đầu tư nước ngoài,LegalSubject,CORRECTED,CONCEPT_MAP,"[RULE_MAP_S06] Auto-corrected: 'Tổ chức kinh tế có vốn đầu tư nước ngoài' → subtype=FDIEnterprise, concept=LO2024.SUBJECT.FDI_ENTERPRISE",RULE_MAP_S06
doc_chuong-iii_muc-4_dieu-41_khoan-3_diem-c_p30516#SUBJECT#3,LocalMention,Nhà nước,LegalSubject,CORRECTED,CONCEPT_MAP,"[RULE_MAP_S04] Auto-corrected: 'Nhà nước' → subtype=CentralAuthority, concept=LO2024.SUBJECT.STATE",RULE_MAP_S04
doc_chuong-iii_muc-4_dieu-41_khoan-3_diem-c_p30516#OBJECT#1,LocalMention,Quyền sử dụng đất,LegalObject,CORRECTED,CONCEPT_MAP,"[RULE_MAP_O01] Auto-corrected: 'Quyền sử dụng đất' → subtype=LandUseRight, concept=LO2024.OBJECT.LAND_USE_RIGHT",RULE_MAP_O01
doc_chuong-iii_muc-4_dieu-41_khoan-3_diem-d_p30633#SUBJECT#1,LocalMention,Người gốc Việt Nam định cư ở nước ngoài,LegalSubject,CORRECTED,CONCEPT_MAP,"[RULE_MAP_S05] Auto-corrected: 'Người gốc Việt Nam định cư ở nước ngoài' → subtype=OverseasVietnamese, concept=LO2024.SUBJECT.OVERSEAS_VIETNAMESE",RULE_MAP_S05
doc_chuong-iii_muc-4_dieu-41_khoan-3_diem-d_p30633#SUBJECT#2,LocalMention,Tổ chức kinh tế có vốn đầu tư nước ngoài,LegalSubject,CORRECTED,CONCEPT_MAP,"[RULE_MAP_S06] Auto-corrected: 'Tổ chức kinh tế có vốn đầu tư nước ngoài' → subtype=FDIEnterprise, concept=LO2024.SUBJECT.FDI_ENTERPRISE",RULE_MAP_S06
doc_chuong-iii_muc-4_dieu-41_khoan-3_diem-d_p30633#ACTION#1,LocalMention,Thế chấp quyền sử dụng đất,LegalAction,CORRECTED,CONCEPT_MAP,"[RULE_MAP_A02] Auto-corrected: 'Thế chấp quyền sử dụng đất' → subtype=MortgageAction, concept=LO2024.ACTION.LAND_MORTGAGE",RULE_MAP_A02
doc_chuong-iii_muc-4_dieu-41_khoan-4_p30850#SUBJECT#1,LocalMention,Tổ chức kinh tế có vốn đầu tư nước ngoài,LegalSubject,CORRECTED,CONCEPT_MAP,"[RULE_MAP_S06] Auto-corrected: 'Tổ chức kinh tế có vốn đầu tư nước ngoài' → subtype=FDIEnterprise, concept=LO2024.SUBJECT.FDI_ENTERPRISE",RULE_MAP_S06
doc_chuong-iii_muc-4_dieu-41_khoan-5_p31108#SUBJECT#1,LocalMention,Người gốc Việt Nam định cư ở nước ngoài,LegalSubject,CORRECTED,CONCEPT_MAP,"[RULE_MAP_S05] Auto-corrected: 'Người gốc Việt Nam định cư ở nước ngoài' → subtype=OverseasVietnamese, concept=LO2024.SUBJECT.OVERSEAS_VIETNAMESE",RULE_MAP_S05
doc_chuong-iii_muc-4_dieu-41_khoan-5_p31108#SUBJECT#2,LocalMention,Tổ chức kinh tế có vốn đầu tư nước ngoài,LegalSubject,CORRECTED,CONCEPT_MAP,"[RULE_MAP_S06] Auto-corrected: 'Tổ chức kinh tế có vốn đầu tư nước ngoài' → subtype=FDIEnterprise, concept=LO2024.SUBJECT.FDI_ENTERPRISE",RULE_MAP_S06
doc_chuong-iii_muc-4_dieu-41_khoan-5_p31108#SUBJECT#3,LocalMention,Nhà nước,LegalSubject,CORRECTED,CONCEPT_MAP,"[RULE_MAP_S04] Auto-corrected: 'Nhà nước' → subtype=CentralAuthority, concept=LO2024.SUBJECT.STATE",RULE_MAP_S04
doc_chuong-iii_muc-4_dieu-42_khoan-1_p31581#SUBJECT#1,LocalMention,Tổ chức kinh tế có vốn đầu tư nước ngoài,LegalSubject,CORRECTED,CONCEPT_MAP,"[RULE_MAP_S06] Auto-corrected: 'Tổ chức kinh tế có vốn đầu tư nước ngoài' → subtype=FDIEnterprise, concept=LO2024.SUBJECT.FDI_ENTERPRISE",RULE_MAP_S06
doc_chuong-iii_muc-4_dieu-42_khoan-1_p31581#OBJECT#1,LocalMention,Quyền sử dụng đất,LegalObject,CORRECTED,CONCEPT_MAP,"[RULE_MAP_O01] Auto-corrected: 'Quyền sử dụng đất' → subtype=LandUseRight, concept=LO2024.OBJECT.LAND_USE_RIGHT",RULE_MAP_O01
doc_chuong-iii_muc-4_dieu-42_khoan-1_p31581#SUBJECT#2,LocalMention,Nhà nước,LegalSubject,CORRECTED,CONCEPT_MAP,"[RULE_MAP_S04] Auto-corrected: 'Nhà nước' → subtype=CentralAuthority, concept=LO2024.SUBJECT.STATE",RULE_MAP_S04
doc_chuong-iii_muc-4_dieu-42_khoan-2_diem-a_p32028#SUBJECT#1,LocalMention,Tổ chức kinh tế có vốn đầu tư nước ngoài,LegalSubject,CORRECTED,CONCEPT_MAP,"[RULE_MAP_S06] Auto-corrected: 'Tổ chức kinh tế có vốn đầu tư nước ngoài' → subtype=FDIEnterprise, concept=LO2024.SUBJECT.FDI_ENTERPRISE",RULE_MAP_S06
doc_chuong-iii_muc-4_dieu-42_khoan-2_diem-a_p32028#OBJECT#1,LocalMention,quyền sử dụng đất,LegalObject,CORRECTED,CONCEPT_MAP,"[RULE_MAP_O01] Auto-corrected: 'quyền sử dụng đất' → subtype=LandUseRight, concept=LO2024.OBJECT.LAND_USE_RIGHT",RULE_MAP_O01
doc_chuong-iii_muc-4_dieu-42_khoan-2_diem-a_p32028#SUBJECT#2,LocalMention,Nhà nước,LegalSubject,CORRECTED,CONCEPT_MAP,"[RULE_MAP_S04] Auto-corrected: 'Nhà nước' → subtype=CentralAuthority, concept=LO2024.SUBJECT.STATE",RULE_MAP_S04
doc_chuong-iii_muc-4_dieu-42_khoan-2_diem-b_p32355#SUBJECT#1,LocalMention,Tổ chức kinh tế có vốn đầu tư nước ngoài,LegalSubject,CORRECTED,CONCEPT_MAP,"[RULE_MAP_S06] Auto-corrected: 'Tổ chức kinh tế có vốn đầu tư nước ngoài' → subtype=FDIEnterprise, concept=LO2024.SUBJECT.FDI_ENTERPRISE",RULE_MAP_S06
doc_chuong-iii_muc-4_dieu-42_khoan-2_diem-b_p32355#OBJECT#1,LocalMention,Quyền sử dụng đất,LegalObject,CORRECTED,CONCEPT_MAP,"[RULE_MAP_O01] Auto-corrected: 'Quyền sử dụng đất' → subtype=LandUseRight, concept=LO2024.OBJECT.LAND_USE_RIGHT",RULE_MAP_O01
doc_chuong-iii_muc-4_dieu-42_khoan-2_diem-b_p32355#SUBJECT#2,LocalMention,Nhà nước,LegalSubject,CORRECTED,CONCEPT_MAP,"[RULE_MAP_S04] Auto-corrected: 'Nhà nước' → subtype=CentralAuthority, concept=LO2024.SUBJECT.STATE",RULE_MAP_S04
doc_chuong-iii_muc-4_dieu-42_khoan-2_diem-c_p32703#SUBJECT#1,LocalMention,Tổ chức kinh tế có vốn đầu tư nước ngoài,LegalSubject,CORRECTED,CONCEPT_MAP,"[RULE_MAP_S06] Auto-corrected: 'Tổ chức kinh tế có vốn đầu tư nước ngoài' → subtype=FDIEnterprise, concept=LO2024.SUBJECT.FDI_ENTERPRISE",RULE_MAP_S06
doc_chuong-iii_muc-4_dieu-42_khoan-2_diem-c_p32703#OBJECT#1,LocalMention,Quyền sử dụng đất,LegalObject,CORRECTED,CONCEPT_MAP,"[RULE_MAP_O01] Auto-corrected: 'Quyền sử dụng đất' → subtype=LandUseRight, concept=LO2024.OBJECT.LAND_USE_RIGHT",RULE_MAP_O01
doc_chuong-iii_muc-4_dieu-42_khoan-2_diem-c_p32703#SUBJECT#2,LocalMention,Nhà nước,LegalSubject,CORRECTED,CONCEPT_MAP,"[RULE_MAP_S04] Auto-corrected: 'Nhà nước' → subtype=CentralAuthority, concept=LO2024.SUBJECT.STATE",RULE_MAP_S04
doc_chuong-iii_muc-4_dieu-42_khoan-3_p33000#SUBJECT#1,LocalMention,Doanh nghiệp nhà nước,LegalSubject,CORRECTED,CONCEPT_MAP,"[RULE_MAP_S04] Auto-corrected: 'Doanh nghiệp nhà nước' → subtype=CentralAuthority, concept=LO2024.SUBJECT.STATE",RULE_MAP_S04
doc_chuong-iii_muc-4_dieu-42_khoan-3_p33000#SUBJECT#2,LocalMention,Nhà nước,LegalSubject,CORRECTED,CONCEPT_MAP,"[RULE_MAP_S04] Auto-corrected: 'Nhà nước' → subtype=CentralAuthority, concept=LO2024.SUBJECT.STATE",RULE_MAP_S04
doc_chuong-iii_muc-4_dieu-42_khoan-3_p33000#OBJECT#2,LocalMention,Giá trị quyền sử dụng đất,LegalObject,CORRECTED,CONCEPT_MAP,"[RULE_MAP_O01] Auto-corrected: 'Giá trị quyền sử dụng đất' → subtype=LandUseRight, concept=LO2024.OBJECT.LAND_USE_RIGHT",RULE_MAP_O01
doc_chuong-iii_muc-4_dieu-42_khoan-3_p33000#SUBJECT#3,LocalMention,Doanh nghiệp liên doanh,LegalSubject,CORRECTED,CONCEPT_MAP,"[RULE_MAP_S08] Auto-corrected: 'Doanh nghiệp liên doanh' → subtype=Organization, concept=LO2024.SUBJECT.DOMESTIC_ORGANIZATION",RULE_MAP_S08
doc_chuong-iii_muc-4_dieu-43_khoan-1_p33702#SUBJECT#1,LocalMention,Người gốc Việt Nam định cư ở nước ngoài,LegalSubject,CORRECTED,CONCEPT_MAP,"[RULE_MAP_S05] Auto-corrected: 'Người gốc Việt Nam định cư ở nước ngoài' → subtype=OverseasVietnamese, concept=LO2024.SUBJECT.OVERSEAS_VIETNAMESE",RULE_MAP_S05
doc_chuong-iii_muc-4_dieu-43_khoan-1_p33702#ACTION#1,LocalMention,Chuyển nhượng,LegalAction,CORRECTED,CONCEPT_MAP,"[RULE_MAP_A01] Auto-corrected: 'Chuyển nhượng' → subtype=TransferAction, concept=LO2024.ACTION.LAND_TRANSFER",RULE_MAP_A01
doc_chuong-iii_muc-4_dieu-43_khoan-1_p33702#OBJECT#1,LocalMention,Quyền sử dụng đất,LegalObject,CORRECTED,CONCEPT_MAP,"[RULE_MAP_O01] Auto-corrected: 'Quyền sử dụng đất' → subtype=LandUseRight, concept=LO2024.OBJECT.LAND_USE_RIGHT",RULE_MAP_O01
doc_chuong-iii_muc-4_dieu-43_khoan-2_diem-a_p34109#SUBJECT#1,LocalMention,Người gốc Việt Nam định cư ở nước ngoài,LegalSubject,CORRECTED,CONCEPT_MAP,"[RULE_MAP_S05] Auto-corrected: 'Người gốc Việt Nam định cư ở nước ngoài' → subtype=OverseasVietnamese, concept=LO2024.SUBJECT.OVERSEAS_VIETNAMESE",RULE_MAP_S05
doc_chuong-iii_muc-4_dieu-43_khoan-2_diem-a_p34109#SUBJECT#2,LocalMention,Tổ chức kinh tế có vốn đầu tư nước ngoài,LegalSubject,CORRECTED,CONCEPT_MAP,"[RULE_MAP_S06] Auto-corrected: 'Tổ chức kinh tế có vốn đầu tư nước ngoài' → subtype=FDIEnterprise, concept=LO2024.SUBJECT.FDI_ENTERPRISE",RULE_MAP_S06
doc_chuong-iii_muc-4_dieu-43_khoan-2_diem-b_p34304#SUBJECT#1,LocalMention,Người gốc Việt Nam định cư ở nước ngoài,LegalSubject,CORRECTED,CONCEPT_MAP,"[RULE_MAP_S05] Auto-corrected: 'Người gốc Việt Nam định cư ở nước ngoài' → subtype=OverseasVietnamese, concept=LO2024.SUBJECT.OVERSEAS_VIETNAMESE",RULE_MAP_S05
doc_chuong-iii_muc-4_dieu-43_khoan-2_diem-b_p34304#SUBJECT#2,LocalMention,Tổ chức kinh tế có vốn đầu tư nước ngoài,LegalSubject,CORRECTED,CONCEPT_MAP,"[RULE_MAP_S06] Auto-corrected: 'Tổ chức kinh tế có vốn đầu tư nước ngoài' → subtype=FDIEnterprise, concept=LO2024.SUBJECT.FDI_ENTERPRISE",RULE_MAP_S06
doc_chuong-iii_muc-4_dieu-44_khoan-1_p34692#SUBJECT#1,LocalMention,Người gốc Việt Nam định cư ở nước ngoài,LegalSubject,CORRECTED,CONCEPT_MAP,"[RULE_MAP_S05] Auto-corrected: 'Người gốc Việt Nam định cư ở nước ngoài' → subtype=OverseasVietnamese, concept=LO2024.SUBJECT.OVERSEAS_VIETNAMESE",RULE_MAP_S05
doc_chuong-iii_muc-4_dieu-44_khoan-1_p34692#OBJECT#1,LocalMention,Nhà ở gắn liền với quyền sử dụng đất ở,LegalObject,CORRECTED,CONCEPT_MAP,"[RULE_MAP_O01] Auto-corrected: 'Nhà ở gắn liền với quyền sử dụng đất ở' → subtype=LandUseRight, concept=LO2024.OBJECT.LAND_USE_RIGHT",RULE_MAP_O01
doc_chuong-iii_muc-4_dieu-44_khoan-1_p34692#OBJECT#2,LocalMention,Quyền sử dụng đất ở,LegalObject,CORRECTED,CONCEPT_MAP,"[RULE_MAP_O01] Auto-corrected: 'Quyền sử dụng đất ở' → subtype=LandUseRight, concept=LO2024.OBJECT.LAND_USE_RIGHT",RULE_MAP_O01
doc_chuong-iii_muc-4_dieu-44_khoan-2_p34926#SUBJECT#1,LocalMention,Người gốc Việt Nam định cư ở nước ngoài,LegalSubject,CORRECTED,CONCEPT_MAP,"[RULE_MAP_S05] Auto-corrected: 'Người gốc Việt Nam định cư ở nước ngoài' → subtype=OverseasVietnamese, concept=LO2024.SUBJECT.OVERSEAS_VIETNAMESE",RULE_MAP_S05
doc_chuong-iii_muc-4_dieu-44_khoan-2_diem-a_p35046#SUBJECT#1,LocalMention,Người gốc Việt Nam định cư ở nước ngoài,LegalSubject,CORRECTED,CONCEPT_MAP,"[RULE_MAP_S05] Auto-corrected: 'Người gốc Việt Nam định cư ở nước ngoài' → subtype=OverseasVietnamese, concept=LO2024.SUBJECT.OVERSEAS_VIETNAMESE",RULE_MAP_S05
doc_chuong-iii_muc-4_dieu-44_khoan-2_diem-b_p35116#SUBJECT#1,LocalMention,Người gốc Việt Nam định cư ở nước ngoài,LegalSubject,CORRECTED,CONCEPT_MAP,"[RULE_MAP_S05] Auto-corrected: 'Người gốc Việt Nam định cư ở nước ngoài' → subtype=OverseasVietnamese, concept=LO2024.SUBJECT.OVERSEAS_VIETNAMESE",RULE_MAP_S05
doc_chuong-iii_muc-4_dieu-44_khoan-2_diem-b_p35116#SUBJECT#2,LocalMention,Nhà nước,LegalSubject,CORRECTED,CONCEPT_MAP,"[RULE_MAP_S04] Auto-corrected: 'Nhà nước' → subtype=CentralAuthority, concept=LO2024.SUBJECT.STATE",RULE_MAP_S04
doc_chuong-iii_muc-4_dieu-44_khoan-2_diem-b_p35116#OBJECT#1,LocalMention,Giấy chứng nhận quyền sử dụng đất,LegalObject,CORRECTED,CONCEPT_MAP,"[RULE_MAP_O01] Auto-corrected: 'Giấy chứng nhận quyền sử dụng đất' → subtype=LandUseRight, concept=LO2024.OBJECT.LAND_USE_RIGHT",RULE_MAP_O01
doc_chuong-iii_muc-4_dieu-44_khoan-2_diem-b_p35116#OBJECT#2,LocalMention,Quyền sử dụng đất,LegalObject,CORRECTED,CONCEPT_MAP,"[RULE_MAP_O01] Auto-corrected: 'Quyền sử dụng đất' → subtype=LandUseRight, concept=LO2024.OBJECT.LAND_USE_RIGHT",RULE_MAP_O01
doc_chuong-iii_muc-4_dieu-44_khoan-2_diem-c_p35701#SUBJECT#1,LocalMention,Người gốc Việt Nam định cư ở nước ngoài,LegalSubject,CORRECTED,CONCEPT_MAP,"[RULE_MAP_S05] Auto-corrected: 'Người gốc Việt Nam định cư ở nước ngoài' → subtype=OverseasVietnamese, concept=LO2024.SUBJECT.OVERSEAS_VIETNAMESE",RULE_MAP_S05
doc_chuong-iii_muc-4_dieu-44_khoan-2_diem-c_p35701#ACTION#1,LocalMention,Chuyển nhượng,LegalAction,CORRECTED,CONCEPT_MAP,"[RULE_MAP_A01] Auto-corrected: 'Chuyển nhượng' → subtype=TransferAction, concept=LO2024.ACTION.LAND_TRANSFER",RULE_MAP_A01
doc_chuong-iii_muc-4_dieu-44_khoan-2_diem-c_p35701#OBJECT#1,LocalMention,Quyền sử dụng đất ở,LegalObject,CORRECTED,CONCEPT_MAP,"[RULE_MAP_O01] Auto-corrected: 'Quyền sử dụng đất ở' → subtype=LandUseRight, concept=LO2024.OBJECT.LAND_USE_RIGHT",RULE_MAP_O01
doc_chuong-iii_muc-4_dieu-44_khoan-2_diem-d_p35809#SUBJECT#1,LocalMention,Người gốc Việt Nam định cư ở nước ngoài,LegalSubject,CORRECTED,CONCEPT_MAP,"[RULE_MAP_S05] Auto-corrected: 'Người gốc Việt Nam định cư ở nước ngoài' → subtype=OverseasVietnamese, concept=LO2024.SUBJECT.OVERSEAS_VIETNAMESE",RULE_MAP_S05
doc_chuong-iii_muc-4_dieu-44_khoan-2_diem-d_p35809#ACTION#1,LocalMention,Thế chấp,LegalAction,CORRECTED,CONCEPT_MAP,"[RULE_MAP_A02] Auto-corrected: 'Thế chấp' → subtype=MortgageAction, concept=LO2024.ACTION.LAND_MORTGAGE",RULE_MAP_A02
doc_chuong-iii_muc-4_dieu-44_khoan-2_diem-d_p35809#OBJECT#1,LocalMention,Nhà ở gắn liền với quyền sử dụng đất ở,LegalObject,CORRECTED,CONCEPT_MAP,"[RULE_MAP_O01] Auto-corrected: 'Nhà ở gắn liền với quyền sử dụng đất ở' → subtype=LandUseRight, concept=LO2024.OBJECT.LAND_USE_RIGHT",RULE_MAP_O01
doc_chuong-iii_muc-4_dieu-44_khoan-3_p35912#OBJECT#1,LocalMention,"Giấy chứng nhận quyền sử dụng đất, quyền sở hữu tài sản gắn liền với đất",LegalObject,CORRECTED,CONCEPT_MAP,"[RULE_MAP_O01] Auto-corrected: 'Giấy chứng nhận quyền sử dụng đất, quyền sở hữu tài sản gắn liền với đất' → subtype=LandUseRight, concept=LO2024.OBJECT.LAND_USE_RIGHT",RULE_MAP_O01
doc_chuong-iii_muc-4_dieu-44_khoan-3_p35912#ACTION#1,LocalMention,Chuyển nhượng quyền sử dụng đất thừa kế,LegalAction,CORRECTED,CONCEPT_MAP,"[RULE_MAP_A01] Auto-corrected: 'Chuyển nhượng quyền sử dụng đất thừa kế' → subtype=TransferAction, concept=LO2024.ACTION.LAND_TRANSFER",RULE_MAP_A01
doc_chuong-iii_muc-4_dieu-44_khoan-3_diem-a_p36407#ACTION#1,LocalMention,Chuyển nhượng,LegalAction,CORRECTED,CONCEPT_MAP,"[RULE_MAP_A01] Auto-corrected: 'Chuyển nhượng' → subtype=TransferAction, concept=LO2024.ACTION.LAND_TRANSFER",RULE_MAP_A01
doc_chuong-iii_muc-4_dieu-44_khoan-3_diem-a_p36407#OBJECT#1,LocalMention,Quyền sử dụng đất,LegalObject,CORRECTED,CONCEPT_MAP,"[RULE_MAP_O01] Auto-corrected: 'Quyền sử dụng đất' → subtype=LandUseRight, concept=LO2024.OBJECT.LAND_USE_RIGHT",RULE_MAP_O01
doc_chuong-iii_muc-4_dieu-44_khoan-3_diem-b_p36548#OBJECT#1,LocalMention,Quyền sử dụng đất,LegalObject,CORRECTED,CONCEPT_MAP,"[RULE_MAP_O01] Auto-corrected: 'Quyền sử dụng đất' → subtype=LandUseRight, concept=LO2024.OBJECT.LAND_USE_RIGHT",RULE_MAP_O01
doc_chuong-iii_muc-4_dieu-44_khoan-4_p37072#SUBJECT#1,LocalMention,Người gốc Việt Nam định cư ở nước ngoài,LegalSubject,CORRECTED,CONCEPT_MAP,"[RULE_MAP_S05] Auto-corrected: 'Người gốc Việt Nam định cư ở nước ngoài' → subtype=OverseasVietnamese, concept=LO2024.SUBJECT.OVERSEAS_VIETNAMESE",RULE_MAP_S05
doc_chuong-iii_muc-4_dieu-44_khoan-4_p37072#OBJECT#2,LocalMention,Quyền sử dụng đất,LegalObject,CORRECTED,CONCEPT_MAP,"[RULE_MAP_O01] Auto-corrected: 'Quyền sử dụng đất' → subtype=LandUseRight, concept=LO2024.OBJECT.LAND_USE_RIGHT",RULE_MAP_O01
doc_chuong-iii_muc-4_dieu-44_khoan-4_p37072#OBJECT#3,LocalMention,"Giấy chứng nhận quyền sử dụng đất, quyền sở hữu tài sản gắn liền với đất",LegalObject,CORRECTED,CONCEPT_MAP,"[RULE_MAP_O01] Auto-corrected: 'Giấy chứng nhận quyền sử dụng đất, quyền sở hữu tài sản gắn liền với đất' → subtype=LandUseRight, concept=LO2024.OBJECT.LAND_USE_RIGHT",RULE_MAP_O01
doc_chuong-iii_muc-5_dieu-45_khoan-1_p38579#SUBJECT#1,LocalMention,Người sử dụng đất,LegalSubject,CORRECTED,CONCEPT_MAP,"[RULE_MAP_S07] Auto-corrected: 'Người sử dụng đất' → subtype=Individual, concept=LO2024.SUBJECT.LAND_USER",RULE_MAP_S07
doc_chuong-iii_muc-5_dieu-45_khoan-1_p38579#ACTION#2,LocalMention,Chuyển nhượng,LegalAction,CORRECTED,CONCEPT_MAP,"[RULE_MAP_A01] Auto-corrected: 'Chuyển nhượng' → subtype=TransferAction, concept=LO2024.ACTION.LAND_TRANSFER",RULE_MAP_A01
doc_chuong-iii_muc-5_dieu-45_khoan-1_p38579#ACTION#7,LocalMention,Thế chấp,LegalAction,CORRECTED,CONCEPT_MAP,"[RULE_MAP_A02] Auto-corrected: 'Thế chấp' → subtype=MortgageAction, concept=LO2024.ACTION.LAND_MORTGAGE",RULE_MAP_A02
doc_chuong-iii_muc-5_dieu-45_khoan-1_p38579#OBJECT#1,LocalMention,Quyền sử dụng đất,LegalObject,CORRECTED,CONCEPT_MAP,"[RULE_MAP_O01] Auto-corrected: 'Quyền sử dụng đất' → subtype=LandUseRight, concept=LO2024.OBJECT.LAND_USE_RIGHT",RULE_MAP_O01
doc_chuong-iii_muc-5_dieu-45_khoan-1_diem-a_p38784#SUBJECT#1,LocalMention,Người sử dụng đất,LegalSubject,CORRECTED,CONCEPT_MAP,"[RULE_MAP_S07] Auto-corrected: 'Người sử dụng đất' → subtype=Individual, concept=LO2024.SUBJECT.LAND_USER",RULE_MAP_S07
doc_chuong-iii_muc-5_dieu-45_khoan-1_diem-a_p38784#OBJECT#1,LocalMention,Giấy chứng nhận quyền sử dụng đất,LegalObject,CORRECTED,CONCEPT_MAP,"[RULE_MAP_O01] Auto-corrected: 'Giấy chứng nhận quyền sử dụng đất' → subtype=LandUseRight, concept=LO2024.OBJECT.LAND_USE_RIGHT",RULE_MAP_O01
doc_chuong-iii_muc-5_dieu-45_khoan-1_diem-a_p38784#OBJECT#2,LocalMention,Giấy chứng nhận quyền sở hữu nhà ở và quyền sử dụng đất ở,LegalObject,CORRECTED,CONCEPT_MAP,"[RULE_MAP_O01] Auto-corrected: 'Giấy chứng nhận quyền sở hữu nhà ở và quyền sử dụng đất ở' → subtype=LandUseRight, concept=LO2024.OBJECT.LAND_USE_RIGHT",RULE_MAP_O01
doc_chuong-iii_muc-5_dieu-45_khoan-1_diem-a_p38784#OBJECT#3,LocalMention,"Giấy chứng nhận quyền sử dụng đất, quyền sở hữu nhà ở và tài sản khác gắn liền với đất",LegalObject,CORRECTED,CONCEPT_MAP,"[RULE_MAP_O01] Auto-corrected: 'Giấy chứng nhận quyền sử dụng đất, quyền sở hữu nhà ở và tài sản khác gắn liền với đất' → subtype=LandUseRight, concept=LO2024.OBJECT.LAND_USE_RIGHT",RULE_MAP_O01
doc_chuong-iii_muc-5_dieu-45_khoan-1_diem-a_p38784#OBJECT#4,LocalMention,"Giấy chứng nhận quyền sử dụng đất, quyền sở hữu tài sản gắn liền với đất",LegalObject,CORRECTED,CONCEPT_MAP,"[RULE_MAP_O01] Auto-corrected: 'Giấy chứng nhận quyền sử dụng đất, quyền sở hữu tài sản gắn liền với đất' → subtype=LandUseRight, concept=LO2024.OBJECT.LAND_USE_RIGHT",RULE_MAP_O01
doc_chuong-iii_muc-5_dieu-45_khoan-1_diem-b_p39292#SUBJECT#1,LocalMention,Người sử dụng đất,LegalSubject,CORRECTED,CONCEPT_MAP,"[RULE_MAP_S07] Auto-corrected: 'Người sử dụng đất' → subtype=Individual, concept=LO2024.SUBJECT.LAND_USER",RULE_MAP_S07
doc_chuong-iii_muc-5_dieu-45_khoan-1_diem-b_p39292#ACTION#2,LocalMention,Chuyển nhượng,LegalAction,CORRECTED,CONCEPT_MAP,"[RULE_MAP_A01] Auto-corrected: 'Chuyển nhượng' → subtype=TransferAction, concept=LO2024.ACTION.LAND_TRANSFER",RULE_MAP_A01
doc_chuong-iii_muc-5_dieu-45_khoan-1_diem-b_p39292#ACTION#7,LocalMention,Thế chấp,LegalAction,CORRECTED,CONCEPT_MAP,"[RULE_MAP_A02] Auto-corrected: 'Thế chấp' → subtype=MortgageAction, concept=LO2024.ACTION.LAND_MORTGAGE",RULE_MAP_A02
doc_chuong-iii_muc-5_dieu-45_khoan-1_diem-b_p39292#OBJECT#1,LocalMention,Quyền sử dụng đất,LegalObject,CORRECTED,CONCEPT_MAP,"[RULE_MAP_O01] Auto-corrected: 'Quyền sử dụng đất' → subtype=LandUseRight, concept=LO2024.OBJECT.LAND_USE_RIGHT",RULE_MAP_O01
doc_chuong-iii_muc-5_dieu-45_khoan-1_diem-c_p39485#SUBJECT#1,LocalMention,Người sử dụng đất,LegalSubject,CORRECTED,CONCEPT_MAP,"[RULE_MAP_S07] Auto-corrected: 'Người sử dụng đất' → subtype=Individual, concept=LO2024.SUBJECT.LAND_USER",RULE_MAP_S07
doc_chuong-iii_muc-5_dieu-45_khoan-1_diem-c_p39485#OBJECT#1,LocalMention,Quyền sử dụng đất,LegalObject,CORRECTED,CONCEPT_MAP,"[RULE_MAP_O01] Auto-corrected: 'Quyền sử dụng đất' → subtype=LandUseRight, concept=LO2024.OBJECT.LAND_USE_RIGHT",RULE_MAP_O01
doc_chuong-iii_muc-5_dieu-45_khoan-1_diem-d_p39615#SUBJECT#1,LocalMention,Người sử dụng đất,LegalSubject,CORRECTED,CONCEPT_MAP,"[RULE_MAP_S07] Auto-corrected: 'Người sử dụng đất' → subtype=Individual, concept=LO2024.SUBJECT.LAND_USER",RULE_MAP_S07
doc_chuong-iii_muc-5_dieu-45_khoan-1_diem-d_p39643#SUBJECT#1,LocalMention,Người sử dụng đất,LegalSubject,CORRECTED,CONCEPT_MAP,"[RULE_MAP_S07] Auto-corrected: 'Người sử dụng đất' → subtype=Individual, concept=LO2024.SUBJECT.LAND_USER",RULE_MAP_S07
doc_chuong-iii_muc-5_dieu-45_khoan-1_diem-d_p39643#OBJECT#1,LocalMention,Quyền sử dụng đất,LegalObject,CORRECTED,CONCEPT_MAP,"[RULE_MAP_O01] Auto-corrected: 'Quyền sử dụng đất' → subtype=LandUseRight, concept=LO2024.OBJECT.LAND_USE_RIGHT",RULE_MAP_O01
doc_chuong-iii_muc-5_dieu-45_khoan-2_p39738#ACTION#1,LocalMention,Chuyển nhượng,LegalAction,CORRECTED,CONCEPT_MAP,"[RULE_MAP_A01] Auto-corrected: 'Chuyển nhượng' → subtype=TransferAction, concept=LO2024.ACTION.LAND_TRANSFER",RULE_MAP_A01
doc_chuong-iii_muc-5_dieu-45_khoan-2_p39738#OBJECT#1,LocalMention,Quyền sử dụng đất,LegalObject,CORRECTED,CONCEPT_MAP,"[RULE_MAP_O01] Auto-corrected: 'Quyền sử dụng đất' → subtype=LandUseRight, concept=LO2024.OBJECT.LAND_USE_RIGHT",RULE_MAP_O01
doc_chuong-iii_muc-5_dieu-45_khoan-3_p39986#SUBJECT#1,LocalMention,Người sử dụng đất,LegalSubject,CORRECTED,CONCEPT_MAP,"[RULE_MAP_S07] Auto-corrected: 'Người sử dụng đất' → subtype=Individual, concept=LO2024.SUBJECT.LAND_USER",RULE_MAP_S07
doc_chuong-iii_muc-5_dieu-45_khoan-3_p39986#ACTION#2,LocalMention,Chuyển nhượng,LegalAction,CORRECTED,CONCEPT_MAP,"[RULE_MAP_A01] Auto-corrected: 'Chuyển nhượng' → subtype=TransferAction, concept=LO2024.ACTION.LAND_TRANSFER",RULE_MAP_A01
doc_chuong-iii_muc-5_dieu-45_khoan-3_p39986#OBJECT#1,LocalMention,Quyền sử dụng đất,LegalObject,CORRECTED,CONCEPT_MAP,"[RULE_MAP_O01] Auto-corrected: 'Quyền sử dụng đất' → subtype=LandUseRight, concept=LO2024.OBJECT.LAND_USE_RIGHT",RULE_MAP_O01
doc_chuong-iii_muc-5_dieu-45_khoan-3_p39986#ACTION#7,LocalMention,Thế chấp,LegalAction,CORRECTED,CONCEPT_MAP,"[RULE_MAP_A02] Auto-corrected: 'Thế chấp' → subtype=MortgageAction, concept=LO2024.ACTION.LAND_MORTGAGE",RULE_MAP_A02
doc_chuong-iii_muc-5_dieu-45_khoan-3_diem-a_p40271#SUBJECT#1,LocalMention,Người sử dụng đất,LegalSubject,CORRECTED,CONCEPT_MAP,"[RULE_MAP_S07] Auto-corrected: 'Người sử dụng đất' → subtype=Individual, concept=LO2024.SUBJECT.LAND_USER",RULE_MAP_S07
doc_chuong-iii_muc-5_dieu-45_khoan-3_diem-b_p40472#SUBJECT#1,LocalMention,Người sử dụng đất,LegalSubject,CORRECTED,CONCEPT_MAP,"[RULE_MAP_S07] Auto-corrected: 'Người sử dụng đất' → subtype=Individual, concept=LO2024.SUBJECT.LAND_USER",RULE_MAP_S07
doc_chuong-iii_muc-5_dieu-45_khoan-3_diem-c_p40594#SUBJECT#1,LocalMention,Người sử dụng đất,LegalSubject,CORRECTED,CONCEPT_MAP,"[RULE_MAP_S07] Auto-corrected: 'Người sử dụng đất' → subtype=Individual, concept=LO2024.SUBJECT.LAND_USER",RULE_MAP_S07
doc_chuong-iii_muc-5_dieu-45_khoan-3_diem-c_p40594#OBJECT#1,LocalMention,quyền sử dụng đất,LegalObject,CORRECTED,CONCEPT_MAP,"[RULE_MAP_O01] Auto-corrected: 'quyền sử dụng đất' → subtype=LandUseRight, concept=LO2024.OBJECT.LAND_USE_RIGHT",RULE_MAP_O01
doc_chuong-iii_muc-5_dieu-45_khoan-3_diem-c_p40594#SUBJECT#2,LocalMention,cá nhân là người dân tộc thiểu số,LegalSubject,CORRECTED,CONCEPT_MAP,"[RULE_MAP_S01] Auto-corrected: 'cá nhân là người dân tộc thiểu số' → subtype=EthnicMinorityIndividual, concept=LO2024.SUBJECT.ETHNIC_MINORITY_INDIVIDUAL",RULE_MAP_S01
doc_chuong-iii_muc-5_dieu-45_khoan-4_p40816#OBJECT#1,LocalMention,Giấy chứng nhận quyền sử dụng đất,LegalObject,CORRECTED,CONCEPT_MAP,"[RULE_MAP_O01] Auto-corrected: 'Giấy chứng nhận quyền sử dụng đất' → subtype=LandUseRight, concept=LO2024.OBJECT.LAND_USE_RIGHT",RULE_MAP_O01
doc_chuong-iii_muc-5_dieu-45_khoan-4_p40816#OBJECT#2,LocalMention,Giấy chứng nhận quyền sở hữu nhà ở và quyền sử dụng đất ở,LegalObject,CORRECTED,CONCEPT_MAP,"[RULE_MAP_O01] Auto-corrected: 'Giấy chứng nhận quyền sở hữu nhà ở và quyền sử dụng đất ở' → subtype=LandUseRight, concept=LO2024.OBJECT.LAND_USE_RIGHT",RULE_MAP_O01
doc_chuong-iii_muc-5_dieu-45_khoan-4_p40816#OBJECT#3,LocalMention,"Giấy chứng nhận quyền sử dụng đất, quyền sở hữu nhà ở và tài sản khác gắn liền với đất",LegalObject,CORRECTED,CONCEPT_MAP,"[RULE_MAP_O01] Auto-corrected: 'Giấy chứng nhận quyền sử dụng đất, quyền sở hữu nhà ở và tài sản khác gắn liền với đất' → subtype=LandUseRight, concept=LO2024.OBJECT.LAND_USE_RIGHT",RULE_MAP_O01
doc_chuong-iii_muc-5_dieu-45_khoan-4_p40816#OBJECT#4,LocalMention,"Giấy chứng nhận quyền sử dụng đất, quyền sở hữu tài sản gắn liền với đất",LegalObject,CORRECTED,CONCEPT_MAP,"[RULE_MAP_O01] Auto-corrected: 'Giấy chứng nhận quyền sử dụng đất, quyền sở hữu tài sản gắn liền với đất' → subtype=LandUseRight, concept=LO2024.OBJECT.LAND_USE_RIGHT",RULE_MAP_O01
doc_chuong-iii_muc-5_dieu-45_khoan-5_p41303#SUBJECT#1,LocalMention,Người sử dụng đất,LegalSubject,CORRECTED,CONCEPT_MAP,"[RULE_MAP_S07] Auto-corrected: 'Người sử dụng đất' → subtype=Individual, concept=LO2024.SUBJECT.LAND_USER",RULE_MAP_S07
doc_chuong-iii_muc-5_dieu-45_khoan-5_p41303#ACTION#3,LocalMention,"Các quyền chuyển đổi, chuyển nhượng, cho thuê, cho thuê lại, tặng cho quyền sử dụng đất, thế chấp, góp vốn bằng quyền sử dụng đất",LegalAction,CORRECTED,CONCEPT_MAP,"[RULE_MAP_A01] Auto-corrected: 'Các quyền chuyển đổi, chuyển nhượng, cho thuê, cho thuê lại, tặng cho quyền sử dụng đất, thế chấp, góp vốn bằng quyền sử dụng đất' → subtype=TransferAction, concept=LO2024.ACTION.LAND_TRANSFER",RULE_MAP_A01
doc_chuong-iii_muc-5_dieu-45_khoan-7_p41970#ACTION#1,LocalMention,Nhận chuyển nhượng,LegalAction,CORRECTED,CONCEPT_MAP,"[RULE_MAP_A01] Auto-corrected: 'Nhận chuyển nhượng' → subtype=TransferAction, concept=LO2024.ACTION.LAND_TRANSFER",RULE_MAP_A01
doc_chuong-iii_muc-5_dieu-45_khoan-7_p41970#OBJECT#1,LocalMention,Quyền sử dụng đất trồng lúa,LegalObject,CORRECTED,CONCEPT_MAP,"[RULE_MAP_O01] Auto-corrected: 'Quyền sử dụng đất trồng lúa' → subtype=LandUseRight, concept=LO2024.OBJECT.LAND_USE_RIGHT",RULE_MAP_O01
doc_chuong-iii_muc-5_dieu-45_khoan-8_diem-a_p42458#SUBJECT#1,LocalMention,Tổ chức kinh tế,LegalSubject,CORRECTED,CONCEPT_MAP,"[RULE_MAP_S08] Auto-corrected: 'Tổ chức kinh tế' → subtype=Organization, concept=LO2024.SUBJECT.DOMESTIC_ORGANIZATION",RULE_MAP_S08
doc_chuong-iii_muc-5_dieu-45_khoan-8_diem-a_p42458#ACTION#1,LocalMention,Nhận chuyển nhượng,LegalAction,CORRECTED,CONCEPT_MAP,"[RULE_MAP_A01] Auto-corrected: 'Nhận chuyển nhượng' → subtype=TransferAction, concept=LO2024.ACTION.LAND_TRANSFER",RULE_MAP_A01
doc_chuong-iii_muc-5_dieu-45_khoan-8_diem-a_p42458#OBJECT#1,LocalMention,"Quyền sử dụng đất rừng phòng hộ, đất rừng đặc dụng",LegalObject,CORRECTED,CONCEPT_MAP,"[RULE_MAP_O01] Auto-corrected: 'Quyền sử dụng đất rừng phòng hộ, đất rừng đặc dụng' → subtype=LandUseRight, concept=LO2024.OBJECT.LAND_USE_RIGHT",RULE_MAP_O01
doc_chuong-iii_muc-5_dieu-45_khoan-8_diem-b_p42694#ACTION#1,LocalMention,Nhận chuyển nhượng,LegalAction,CORRECTED,CONCEPT_MAP,"[RULE_MAP_A01] Auto-corrected: 'Nhận chuyển nhượng' → subtype=TransferAction, concept=LO2024.ACTION.LAND_TRANSFER",RULE_MAP_A01
doc_chuong-iii_muc-5_dieu-45_khoan-8_diem-b_p42694#OBJECT#1,LocalMention,Quyền sử dụng đất,LegalObject,CORRECTED,CONCEPT_MAP,"[RULE_MAP_O01] Auto-corrected: 'Quyền sử dụng đất' → subtype=LandUseRight, concept=LO2024.OBJECT.LAND_USE_RIGHT",RULE_MAP_O01
doc_chuong-iii_muc-5_dieu-45_khoan-8_diem-c_p42959#SUBJECT#1,LocalMention,"Tổ chức, cá nhân, cộng đồng dân cư, tổ chức tôn giáo, tổ chức tôn giáo trực thuộc, người gốc Việt Nam định cư ở nước ngoài, tổ chức kinh tế có vốn đầu tư nước ngoài",LegalSubject,CORRECTED,CONCEPT_MAP,"[RULE_MAP_S05] Auto-corrected: 'Tổ chức, cá nhân, cộng đồng dân cư, tổ chức tôn giáo, tổ chức tôn giáo trực thuộc, người gốc Việt Nam định cư ở nước ngoài, tổ chức kinh tế có vốn đầu tư nước ngoài' → subtype=OverseasVietnamese, concept=LO2024.SUBJECT.OVERSEAS_VIETNAMESE",RULE_MAP_S05
doc_chuong-iii_muc-5_dieu-45_khoan-8_diem-c_p42959#OBJECT#1,LocalMention,quyền sử dụng đất,LegalObject,CORRECTED,CONCEPT_MAP,"[RULE_MAP_O01] Auto-corrected: 'quyền sử dụng đất' → subtype=LandUseRight, concept=LO2024.OBJECT.LAND_USE_RIGHT",RULE_MAP_O01
doc_chuong-iii_muc-5_dieu-46_khoan-1_diem-a_p43572#SUBJECT#1,LocalMention,"Tổ chức kinh tế, cá nhân, người gốc Việt Nam định cư ở nước ngoài, tổ chức kinh tế có vốn đầu tư nước ngoài",LegalSubject,CORRECTED,CONCEPT_MAP,"[RULE_MAP_S05] Auto-corrected: 'Tổ chức kinh tế, cá nhân, người gốc Việt Nam định cư ở nước ngoài, tổ chức kinh tế có vốn đầu tư nước ngoài' → subtype=OverseasVietnamese, concept=LO2024.SUBJECT.OVERSEAS_VIETNAMESE",RULE_MAP_S05
doc_chuong-iii_muc-5_dieu-46_khoan-1_diem-b_p43672#SUBJECT#1,LocalMention,"Tổ chức kinh tế, cá nhân, người gốc Việt Nam định cư ở nước ngoài, tổ chức kinh tế có vốn đầu tư nước ngoài",LegalSubject,CORRECTED,CONCEPT_MAP,"[RULE_MAP_S05] Auto-corrected: 'Tổ chức kinh tế, cá nhân, người gốc Việt Nam định cư ở nước ngoài, tổ chức kinh tế có vốn đầu tư nước ngoài' → subtype=OverseasVietnamese, concept=LO2024.SUBJECT.OVERSEAS_VIETNAMESE",RULE_MAP_S05
doc_chuong-iii_muc-5_dieu-46_khoan-3_p44416#ACTION#2,LocalMention,Thủ tục đăng ký đất đai,LegalAction,CORRECTED,CONCEPT_MAP,"[RULE_MAP_A05] Auto-corrected: 'Thủ tục đăng ký đất đai' → subtype=LandRegistrationAction, concept=LO2024.ACTION.LAND_REGISTRATION",RULE_MAP_A05
doc_chuong-iii_muc-5_dieu-46_khoan-4_p44769#OBJECT#3,LocalMention,Giấy chứng nhận quyền sử dụng đất,LegalObject,CORRECTED,CONCEPT_MAP,"[RULE_MAP_O01] Auto-corrected: 'Giấy chứng nhận quyền sử dụng đất' → subtype=LandUseRight, concept=LO2024.OBJECT.LAND_USE_RIGHT",RULE_MAP_O01
doc_chuong-iii_muc-5_dieu-46_khoan-5_p44959#SUBJECT#1,LocalMention,Nhà nước,LegalSubject,CORRECTED,CONCEPT_MAP,"[RULE_MAP_S04] Auto-corrected: 'Nhà nước' → subtype=CentralAuthority, concept=LO2024.SUBJECT.STATE",RULE_MAP_S04
doc_chuong-iii_muc-5_dieu-47_p45245#OBJECT#1,LocalMention,Quyền sử dụng đất nông nghiệp,LegalObject,CORRECTED,CONCEPT_MAP,"[RULE_MAP_O01] Auto-corrected: 'Quyền sử dụng đất nông nghiệp' → subtype=LandUseRight, concept=LO2024.OBJECT.LAND_USE_RIGHT",RULE_MAP_O01
doc_chuong-iii_muc-5_dieu-48_khoan-1_p45727#SUBJECT#1,LocalMention,Cá nhân là người dân tộc thiểu số,LegalSubject,CORRECTED,CONCEPT_MAP,"[RULE_MAP_S01] Auto-corrected: 'Cá nhân là người dân tộc thiểu số' → subtype=EthnicMinorityIndividual, concept=LO2024.SUBJECT.ETHNIC_MINORITY_INDIVIDUAL",RULE_MAP_S01
doc_chuong-iii_muc-5_dieu-48_khoan-1_p45727#SUBJECT#2,LocalMention,Nhà nước,LegalSubject,CORRECTED,CONCEPT_MAP,"[RULE_MAP_S04] Auto-corrected: 'Nhà nước' → subtype=CentralAuthority, concept=LO2024.SUBJECT.STATE",RULE_MAP_S04
doc_chuong-iii_muc-5_dieu-48_khoan-1_p45727#OBJECT#1,LocalMention,quyền sử dụng đất,LegalObject,CORRECTED,CONCEPT_MAP,"[RULE_MAP_O01] Auto-corrected: 'quyền sử dụng đất' → subtype=LandUseRight, concept=LO2024.OBJECT.LAND_USE_RIGHT",RULE_MAP_O01
doc_chuong-iii_muc-5_dieu-48_khoan-1_p45727#ACTION#3,LocalMention,chuyển nhượng,LegalAction,CORRECTED,CONCEPT_MAP,"[RULE_MAP_A01] Auto-corrected: 'chuyển nhượng' → subtype=TransferAction, concept=LO2024.ACTION.LAND_TRANSFER",RULE_MAP_A01
doc_chuong-iii_muc-5_dieu-48_khoan-1_p45727#SUBJECT#4,LocalMention,người sử dụng đất,LegalSubject,CORRECTED,CONCEPT_MAP,"[RULE_MAP_S07] Auto-corrected: 'người sử dụng đất' → subtype=Individual, concept=LO2024.SUBJECT.LAND_USER",RULE_MAP_S07
doc_chuong-iii_muc-5_dieu-48_khoan-2_p46774#SUBJECT#1,LocalMention,Cá nhân là người dân tộc thiểu số,LegalSubject,CORRECTED,CONCEPT_MAP,"[RULE_MAP_S01] Auto-corrected: 'Cá nhân là người dân tộc thiểu số' → subtype=EthnicMinorityIndividual, concept=LO2024.SUBJECT.ETHNIC_MINORITY_INDIVIDUAL",RULE_MAP_S01
doc_chuong-iii_muc-5_dieu-48_khoan-2_p46774#SUBJECT#2,LocalMention,Nhà nước,LegalSubject,CORRECTED,CONCEPT_MAP,"[RULE_MAP_S04] Auto-corrected: 'Nhà nước' → subtype=CentralAuthority, concept=LO2024.SUBJECT.STATE",RULE_MAP_S04
doc_chuong-iii_muc-5_dieu-48_khoan-2_p46774#OBJECT#1,LocalMention,Quyền sử dụng đất,LegalObject,CORRECTED,CONCEPT_MAP,"[RULE_MAP_O01] Auto-corrected: 'Quyền sử dụng đất' → subtype=LandUseRight, concept=LO2024.OBJECT.LAND_USE_RIGHT",RULE_MAP_O01
doc_chuong-iii_muc-5_dieu-48_khoan-2_p46774#ACTION#1,LocalMention,Thế chấp,LegalAction,CORRECTED,CONCEPT_MAP,"[RULE_MAP_A02] Auto-corrected: 'Thế chấp' → subtype=MortgageAction, concept=LO2024.ACTION.LAND_MORTGAGE",RULE_MAP_A02
doc_chuong-iii_muc-5_dieu-48_khoan-3_p46954#SUBJECT#1,LocalMention,Cá nhân là người dân tộc thiểu số,LegalSubject,CORRECTED,CONCEPT_MAP,"[RULE_MAP_S01] Auto-corrected: 'Cá nhân là người dân tộc thiểu số' → subtype=EthnicMinorityIndividual, concept=LO2024.SUBJECT.ETHNIC_MINORITY_INDIVIDUAL",RULE_MAP_S01
doc_chuong-iii_muc-5_dieu-48_khoan-3_p46954#SUBJECT#2,LocalMention,Nhà nước,LegalSubject,CORRECTED,CONCEPT_MAP,"[RULE_MAP_S04] Auto-corrected: 'Nhà nước' → subtype=CentralAuthority, concept=LO2024.SUBJECT.STATE",RULE_MAP_S04
doc_chuong-iii_muc-5_dieu-48_khoan-3_p46954#OBJECT#1,LocalMention,Quyền sử dụng đất,LegalObject,CORRECTED,CONCEPT_MAP,"[RULE_MAP_O01] Auto-corrected: 'Quyền sử dụng đất' → subtype=LandUseRight, concept=LO2024.OBJECT.LAND_USE_RIGHT",RULE_MAP_O01
doc_chuong-iii_muc-5_dieu-48_khoan-3_p46954#ACTION#1,LocalMention,Chuyển nhượng,LegalAction,CORRECTED,CONCEPT_MAP,"[RULE_MAP_A01] Auto-corrected: 'Chuyển nhượng' → subtype=TransferAction, concept=LO2024.ACTION.LAND_TRANSFER",RULE_MAP_A01
doc_chuong-iii_muc-5_dieu-48_khoan-3_p46954#ACTION#5,LocalMention,Thế chấp,LegalAction,CORRECTED,CONCEPT_MAP,"[RULE_MAP_A02] Auto-corrected: 'Thế chấp' → subtype=MortgageAction, concept=LO2024.ACTION.LAND_MORTGAGE",RULE_MAP_A02
doc_chuong-iii_muc-1_dieu-27_khoan-3_diem-a_p2588#OBJECT#1 --HAS_OBJECT--> doc_chuong-iii_muc-1_dieu-27_khoan-3_diem-a_p2588#OBJECT#2,SemanticEdge,,HAS_OBJECT,QUARANTINED,DOMAIN_RANGE_VIOLATION,REL_HAS_OBJECT,REL_HAS_OBJECT
doc_chuong-iii_muc-1_dieu-27_khoan-3_diem-a_p2588#OBJECT#1 --HAS_OBJECT--> doc_chuong-iii_muc-1_dieu-27_khoan-3_diem-a_p2588#OBJECT#3,SemanticEdge,,HAS_OBJECT,QUARANTINED,DOMAIN_RANGE_VIOLATION,REL_HAS_OBJECT,REL_HAS_OBJECT
doc_chuong-iii_muc-1_dieu-27_khoan-3_diem-b_p2794#SUBJECT#1 --ALLOW--> doc_chuong-iii_muc-1_dieu-27_khoan-3_diem-b_p2794#OBJECT#1,SemanticEdge,,ALLOW,QUARANTINED,DOMAIN_RANGE_VIOLATION,REL_ALLOW,REL_ALLOW
doc_chuong-iii_muc-1_dieu-27_khoan-3_diem-b_p2794#SUBJECT#1 --ALLOW--> doc_chuong-iii_muc-1_dieu-27_khoan-3_diem-b_p2794#OBJECT#2,SemanticEdge,,ALLOW,QUARANTINED,DOMAIN_RANGE_VIOLATION,REL_ALLOW,REL_ALLOW
doc_chuong-iii_muc-1_dieu-27_khoan-3_diem-b_p2794#SUBJECT#1 --ALLOW--> doc_chuong-iii_muc-1_dieu-27_khoan-3_diem-b_p2794#OBJECT#3,SemanticEdge,,ALLOW,QUARANTINED,DOMAIN_RANGE_VIOLATION,REL_ALLOW,REL_ALLOW
doc_chuong-iii_muc-1_dieu-27_khoan-3_diem-b_p2794#SUBJECT#1 --ALLOW--> doc_chuong-iii_muc-1_dieu-27_khoan-3_diem-b_p2794#OBJECT#4,SemanticEdge,,ALLOW,QUARANTINED,DOMAIN_RANGE_VIOLATION,REL_ALLOW,REL_ALLOW
doc_chuong-iii_muc-1_dieu-27_khoan-3_diem-b_p2794#SUBJECT#1 --ALLOW--> doc_chuong-iii_muc-1_dieu-27_khoan-3_diem-b_p2794#OBJECT#5,SemanticEdge,,ALLOW,QUARANTINED,DOMAIN_RANGE_VIOLATION,REL_ALLOW,REL_ALLOW
doc_chuong-iii_muc-1_dieu-27_khoan-3_diem-b_p2794#SUBJECT#1 --ALLOW--> doc_chuong-iii_muc-1_dieu-27_khoan-3_diem-b_p2794#OBJECT#6,SemanticEdge,,ALLOW,QUARANTINED,DOMAIN_RANGE_VIOLATION,REL_ALLOW,REL_ALLOW
doc_chuong-iii_muc-1_dieu-27_khoan-3_diem-b_p2794#SUBJECT#1 --ALLOW--> doc_chuong-iii_muc-1_dieu-27_khoan-3_diem-b_p2794#OBJECT#7,SemanticEdge,,ALLOW,QUARANTINED,DOMAIN_RANGE_VIOLATION,REL_ALLOW,REL_ALLOW
doc_chuong-iii_muc-1_dieu-29_khoan-2_p7834#OBJECT#1 --HAS_OBJECT--> doc_chuong-iii_muc-1_dieu-29_khoan-2_p7834#ACTION#1,SemanticEdge,,HAS_OBJECT,QUARANTINED,DOMAIN_RANGE_VIOLATION,REL_HAS_OBJECT,REL_HAS_OBJECT
doc_chuong-iii_muc-1_dieu-31_khoan-2_p9703#ACTION#2 --HAS_OBJECT--> doc_chuong-iii_muc-1_dieu-31_khoan-2_p9703#ACTION#3,SemanticEdge,,HAS_OBJECT,QUARANTINED,DOMAIN_RANGE_VIOLATION,REL_HAS_OBJECT,REL_HAS_OBJECT
doc_chuong-iii_muc-1_dieu-31_khoan-2_p9703#ACTION#2 --HAS_OBJECT--> doc_chuong-iii_muc-1_dieu-31_khoan-2_p9703#ACTION#4,SemanticEdge,,HAS_OBJECT,QUARANTINED,DOMAIN_RANGE_VIOLATION,REL_HAS_OBJECT,REL_HAS_OBJECT
doc_chuong-iii_muc-1_dieu-31_khoan-2_p9703#ACTION#2 --HAS_OBJECT--> doc_chuong-iii_muc-1_dieu-31_khoan-2_p9703#ACTION#5,SemanticEdge,,HAS_OBJECT,QUARANTINED,DOMAIN_RANGE_VIOLATION,REL_HAS_OBJECT,REL_HAS_OBJECT
doc_chuong-iii_muc-1_dieu-31_khoan-2_p9703#ACTION#2 --HAS_OBJECT--> doc_chuong-iii_muc-1_dieu-31_khoan-2_p9703#ACTION#6,SemanticEdge,,HAS_OBJECT,QUARANTINED,DOMAIN_RANGE_VIOLATION,REL_HAS_OBJECT,REL_HAS_OBJECT
doc_chuong-iii_muc-1_dieu-31_khoan-2_p9703#ACTION#2 --HAS_OBJECT--> doc_chuong-iii_muc-1_dieu-31_khoan-2_p9703#ACTION#7,SemanticEdge,,HAS_OBJECT,QUARANTINED,DOMAIN_RANGE_VIOLATION,REL_HAS_OBJECT,REL_HAS_OBJECT
doc_chuong-iii_muc-1_dieu-31_khoan-2_p9703#ACTION#2 --HAS_OBJECT--> doc_chuong-iii_muc-1_dieu-31_khoan-2_p9703#ACTION#8,SemanticEdge,,HAS_OBJECT,QUARANTINED,DOMAIN_RANGE_VIOLATION,REL_HAS_OBJECT,REL_HAS_OBJECT
doc_chuong-iii_muc-1_dieu-31_khoan-2_p9703#ACTION#2 --HAS_OBJECT--> doc_chuong-iii_muc-1_dieu-31_khoan-2_p9703#ACTION#9,SemanticEdge,,HAS_OBJECT,QUARANTINED,DOMAIN_RANGE_VIOLATION,REL_HAS_OBJECT,REL_HAS_OBJECT
doc_chuong-iii_muc-1_dieu-31_khoan-2_p9703#ACTION#2 --HAS_OBJECT--> doc_chuong-iii_muc-1_dieu-31_khoan-2_p9703#ACTION#10,SemanticEdge,,HAS_OBJECT,QUARANTINED,DOMAIN_RANGE_VIOLATION,REL_HAS_OBJECT,REL_HAS_OBJECT
doc_chuong-iii_muc-2_dieu-33_khoan-1_diem-a_p11392#SUBJECT#1 --ALLOW--> doc_chuong-iii_muc-2_dieu-33_khoan-1_diem-a_p11392#OBJECT#1,SemanticEdge,,ALLOW,QUARANTINED,DOMAIN_RANGE_VIOLATION,REL_ALLOW,REL_ALLOW
doc_chuong-iii_muc-2_dieu-35_khoan-4_diem-b_p19014#SUBJECT#1 --HAS_OBJECT--> doc_chuong-iii_muc-2_dieu-35_khoan-4_diem-b_p19014#OBJECT#2,SemanticEdge,,HAS_OBJECT,QUARANTINED,DOMAIN_RANGE_VIOLATION,REL_HAS_OBJECT,REL_HAS_OBJECT
doc_chuong-iii_muc-2_dieu-36_khoan-3_p20984#SUBJECT#1 --HAS_OBJECT--> doc_chuong-iii_muc-2_dieu-36_khoan-3_p20984#OBJECT#1,SemanticEdge,,HAS_OBJECT,QUARANTINED,DOMAIN_RANGE_VIOLATION,REL_HAS_OBJECT,REL_HAS_OBJECT
doc_chuong-iii_muc-2_dieu-36_khoan-3_p20984#SUBJECT#2 --HAS_OBJECT--> doc_chuong-iii_muc-2_dieu-36_khoan-3_p20984#OBJECT#1,SemanticEdge,,HAS_OBJECT,QUARANTINED,DOMAIN_RANGE_VIOLATION,REL_HAS_OBJECT,REL_HAS_OBJECT
doc_chuong-iii_muc-4_dieu-44_khoan-1_p34692#SUBJECT#1 --ALLOW--> doc_chuong-iii_muc-4_dieu-44_khoan-1_p34692#OBJECT#1,SemanticEdge,,ALLOW,QUARANTINED,DOMAIN_RANGE_VIOLATION,REL_ALLOW,REL_ALLOW
doc_chuong-iii_muc-4_dieu-44_khoan-1_p34692#SUBJECT#1 --ALLOW--> doc_chuong-iii_muc-4_dieu-44_khoan-1_p34692#OBJECT#2,SemanticEdge,,ALLOW,QUARANTINED,DOMAIN_RANGE_VIOLATION,REL_ALLOW,REL_ALLOW
doc_chuong-iii_muc-4_dieu-44_khoan-2_diem-a_p35046#SUBJECT#1 --ALLOW--> doc_chuong-iii_muc-4_dieu-44_khoan-2_diem-a_p35046#OBJECT#1,SemanticEdge,,ALLOW,QUARANTINED,DOMAIN_RANGE_VIOLATION,REL_ALLOW,REL_ALLOW
doc_chuong-iii_muc-4_dieu-44_khoan-3_p35912#SUBJECT#1 --PROHIBIT--> doc_chuong-iii_muc-4_dieu-44_khoan-3_p35912#OBJECT#1,SemanticEdge,,PROHIBIT,QUARANTINED,DOMAIN_RANGE_VIOLATION,REL_PROHIBIT,REL_PROHIBIT
doc_chuong-iii_muc-4_dieu-44_khoan-3_diem-b_p36548#SUBJECT#1 --HAS_OBJECT--> doc_chuong-iii_muc-4_dieu-44_khoan-3_diem-b_p36548#OBJECT#1,SemanticEdge,,HAS_OBJECT,QUARANTINED,DOMAIN_RANGE_VIOLATION,REL_HAS_OBJECT,REL_HAS_OBJECT
doc_chuong-iii_muc-4_dieu-44_khoan-5_p38031#ACTION#1 --HAS_OBJECT--> doc_chuong-iii_muc-4_dieu-44_khoan-5_p38031#ACTION#2,SemanticEdge,,HAS_OBJECT,QUARANTINED,DOMAIN_RANGE_VIOLATION,REL_HAS_OBJECT,REL_HAS_OBJECT
doc_chuong-iii_muc-5_dieu-45_khoan-3_diem-c_p40594#SUBJECT#1 --HAS_OBJECT--> doc_chuong-iii_muc-5_dieu-45_khoan-3_diem-c_p40594#OBJECT#1,SemanticEdge,,HAS_OBJECT,QUARANTINED,DOMAIN_RANGE_VIOLATION,REL_HAS_OBJECT,REL_HAS_OBJECT
doc_chuong-iii_muc-5_dieu-45_khoan-5_p41303#ACTION#3 --REQUIRE--> doc_chuong-iii_muc-5_dieu-45_khoan-5_p41303#OBJECT#1,SemanticEdge,,REQUIRE,QUARANTINED,DOMAIN_RANGE_VIOLATION,REL_REQUIRE,REL_REQUIRE
doc_chuong-iii_muc-5_dieu-46_khoan-4_p44769#CONDITION#1 --HAS_OBJECT--> doc_chuong-iii_muc-5_dieu-46_khoan-4_p44769#OBJECT#3,SemanticEdge,,HAS_OBJECT,QUARANTINED,DOMAIN_RANGE_VIOLATION,REL_HAS_OBJECT,REL_HAS_OBJECT
doc_chuong-iii_muc-5_dieu-46_khoan-4_p44769#CONDITION#1 --HAS_OBJECT--> doc_chuong-iii_muc-5_dieu-46_khoan-4_p44769#OBJECT#4,SemanticEdge,,HAS_OBJECT,QUARANTINED,DOMAIN_RANGE_VIOLATION,REL_HAS_OBJECT,REL_HAS_OBJECT
