node_id,text,is_semantic_human,AI_Suggest,EXP-A(Regex),EXP-B(Embed),EXP-C(Fusion),note
doc_chuong-iii_muc-1_dieu-26_p180,,,0,0,1,1,
doc_chuong-iii_muc-1_dieu-26_khoan-1_p223,"Được cấp Giấy chứng nhận quyền sử dụng đất, quyền sở hữu tài sản gắn liền với đất khi có đủ điều kiện theo quy định của pháp luật về đất đai.",,1,0,0,0,
doc_chuong-iii_muc-1_dieu-26_khoan-2_p365,"Hưởng thành quả lao động, kết quả đầu tư trên đất sử dụng hợp pháp.",,0,0,1,1,
doc_chuong-iii_muc-1_dieu-26_khoan-3_p433,"Hưởng các lợi ích khi Nhà nước đầu tư để bảo vệ, cải tạo và phát triển đất nông nghiệp.",,0,0,0,0,
doc_chuong-iii_muc-1_dieu-26_khoan-4_p521,"Được Nhà nước hướng dẫn và giúp đỡ trong việc cải tạo, phục hồi đất nông nghiệp.",,0,0,0,0,
doc_chuong-iii_muc-1_dieu-26_khoan-5_p602,"Được Nhà nước bảo hộ khi người khác xâm phạm quyền, lợi ích hợp pháp về đất đai của mình.",,0,0,1,1,
doc_chuong-iii_muc-1_dieu-26_khoan-6_p692,Được quyền chuyển mục đích sử dụng đất theo quy định của Luật này và quy định khác của pháp luật có liên quan.,,1,0,1,1,
doc_chuong-iii_muc-1_dieu-26_khoan-7_p803,"Được bồi thường, hỗ trợ, tái định cư khi Nhà nước thu hồi đất theo quy định của Luật này.",,1,0,0,0,
doc_chuong-iii_muc-1_dieu-26_khoan-8_p893,"Khiếu nại, tố cáo, khởi kiện về những hành vi vi phạm quyền sử dụng đất hợp pháp của mình và những hành vi khác vi phạm pháp luật về đất đai.",,0,0,1,1,
doc_chuong-iii_muc-1_dieu-27_p1035,,,0,0,1,1,
doc_chuong-iii_muc-1_dieu-27_khoan-1_p1179,"Người sử dụng đất được thực hiện các quyền chuyển đổi, chuyển nhượng, cho thuê, cho thuê lại, thừa kế, tặng cho quyền sử dụng đất; thế chấp, góp vốn bằng quyền sử dụng đất theo quy định của Luật này và luật khác có liên quan.",,1,0,1,1,
doc_chuong-iii_muc-1_dieu-27_khoan-2_p1405,Nhóm người sử dụng đất mà có chung quyền sử dụng đất thì có các quyền và nghĩa vụ như sau:,,0,0,0,0,
doc_chuong-iii_muc-1_dieu-27_khoan-2_diem-a_p1496,"Nhóm người sử dụng đất bao gồm thành viên hộ gia đình, cá nhân thì có quyền và nghĩa vụ như quyền và nghĩa vụ của cá nhân theo quy định của Luật này.
Trường hợp trong nhóm người sử dụng đất có thành viên là tổ chức kinh tế thì có quyền và nghĩa vụ như quyền và nghĩa vụ của tổ chức kinh tế theo quy định của Luật này;",,1,0,0,0,
doc_chuong-iii_muc-1_dieu-27_khoan-2_diem-b_p1814,"Trường hợp nhóm người sử dụng đất mà quyền sử dụng đất phân chia được theo phần cho từng thành viên trong nhóm, nếu từng thành viên của nhóm muốn thực hiện quyền đối với phần quyền sử dụng đất của mình thì phải thực hiện đăng ký biến động hoặc tách thửa theo quy định, làm thủ tục cấp Giấy chứng nhận quyền sử dụng đất, quyền sở hữu tài sản gắn liền với đất và được thực hiện quyền và nghĩa vụ của người sử dụng đất theo quy định của Luật này.
Trường hợp quyền sử dụng đất của nhóm người sử dụng đất không phân chia được theo phần thì các thành viên cùng nhau thực hiện hoặc ủy quyền cho người đại diện để thực hiện quyền và nghĩa vụ của nhóm người sử dụng đất.",,1,0,0,0,
doc_chuong-iii_muc-1_dieu-27_khoan-3_p2476,"Việc công chứng, chứng thực hợp đồng, văn bản thực hiện các quyền của người sử dụng đất được thực hiện như sau:",,0,0,0,0,
doc_chuong-iii_muc-1_dieu-27_khoan-3_diem-a_p2588,"Hợp đồng chuyển nhượng, tặng cho, thế chấp, góp vốn bằng quyền sử dụng đất, quyền sử dụng đất và tài sản gắn liền với đất phải được công chứng hoặc chứng thực, trừ trường hợp quy định tại điểm b khoản này;",,1,1,0,1,
doc_chuong-iii_muc-1_dieu-27_khoan-3_diem-b_p2794,"Hợp đồng cho thuê, cho thuê lại quyền sử dụng đất, quyền sử dụng đất và tài sản gắn liền với đất, hợp đồng chuyển đổi quyền sử dụng đất nông nghiệp; hợp đồng chuyển nhượng, góp vốn bằng quyền sử dụng đất, quyền sử dụng đất và tài sản gắn liền với đất, tài sản gắn liền với đất mà một bên hoặc các bên tham gia giao dịch là tổ chức hoạt động kinh doanh bất động sản được công chứng hoặc chứng thực theo yêu cầu của các bên;",,0,0,0,0,
doc_chuong-iii_muc-1_dieu-27_khoan-3_diem-c_p3217,"Văn bản về thừa kế quyền sử dụng đất, quyền sử dụng đất và tài sản gắn liền với đất được công chứng hoặc chứng thực theo quy định của pháp luật về dân sự;",,1,0,0,0,
doc_chuong-iii_muc-1_dieu-27_khoan-3_diem-d_p3372,"Việc công chứng, chứng thực thực hiện theo quy định của pháp luật về công chứng, chứng thực.",,1,0,1,1,
doc_chuong-iii_muc-1_dieu-28_p3465,,,0,0,1,1,
doc_chuong-iii_muc-1_dieu-28_khoan-1_p3497,Người nhận quyền sử dụng đất được quy định như sau:,,0,0,1,1,
doc_chuong-iii_muc-1_dieu-28_khoan-1_diem-a_p3549,Cá nhân được nhận chuyển đổi quyền sử dụng đất quy định tại điểm b khoản 1 Điều 37 của Luật này;,,1,1,0,1,
doc_chuong-iii_muc-1_dieu-28_khoan-1_diem-b_p3646,"Tổ chức kinh tế, cá nhân được nhận chuyển nhượng quyền sử dụng đất;",,0,0,0,0,
doc_chuong-iii_muc-1_dieu-28_khoan-1_diem-c_p3714,"Tổ chức kinh tế có vốn đầu tư nước ngoài, người gốc Việt Nam định cư ở nước ngoài được phép nhập cảnh vào Việt Nam được nhận chuyển nhượng quyền sử dụng đất trong khu công nghiệp, cụm công nghiệp, khu công nghệ cao;",,0,0,0,0,
doc_chuong-iii_muc-1_dieu-28_khoan-1_diem-d_p3930,Tổ chức kinh tế có vốn đầu tư nước ngoài được nhận chuyển nhượng vốn đầu tư là giá trị quyền sử dụng đất theo quy định của Chính phủ;,,1,0,0,0,
doc_chuong-iii_muc-1_dieu-28_khoan-1_diem-d_p4064,"Tổ chức kinh tế, tổ chức kinh tế có vốn đầu tư nước ngoài nhận góp vốn bằng quyền sử dụng đất;",,0,0,0,0,
doc_chuong-iii_muc-1_dieu-28_khoan-1_diem-d_p4162,"Tổ chức trong nước, cá nhân, cộng đồng dân cư được nhận tặng cho quyền sử dụng đất theo quy định của Luật này;",,1,0,0,0,
doc_chuong-iii_muc-1_dieu-28_khoan-1_diem-g_p4273,"Tổ chức trong nước, cá nhân, cộng đồng dân cư được nhận thừa kế quyền sử dụng đất;",,0,0,0,0,
doc_chuong-iii_muc-1_dieu-28_khoan-1_diem-h_p4356,"Người gốc Việt Nam định cư ở nước ngoài được phép nhập cảnh vào Việt Nam được mua, thuê mua nhà ở gắn liền với quyền sử dụng đất ở, nhận quyền sử dụng đất ở trong dự án phát triển nhà ở; nhận thừa kế quyền sử dụng đất ở và các loại đất khác trong cùng thửa đất có nhà ở theo quy định của pháp luật về dân sự; nhận tặng cho nhà ở gắn liền với quyền sử dụng đất ở từ những người thuộc hàng thừa kế theo quy định của pháp luật về dân sự;",,1,0,0,0,
doc_chuong-iii_muc-1_dieu-28_khoan-1_diem-i_p4791,"Tổ chức trong nước, cá nhân, cộng đồng dân cư, tổ chức tôn giáo, tổ chức tôn giáo trực thuộc, người gốc Việt Nam định cư ở nước ngoài được Nhà nước giao đất; tổ chức kinh tế có vốn đầu tư nước ngoài được Nhà nước giao đất để thực hiện các dự án đầu tư xây dựng nhà ở để bán hoặc để bán kết hợp cho thuê;",,0,0,0,0,
doc_chuong-iii_muc-1_dieu-28_khoan-1_diem-l_p5095,"Tổ chức kinh tế, đơn vị sự nghiệp công lập, tổ chức tôn giáo, tổ chức tôn giáo trực thuộc, cá nhân, người gốc Việt Nam định cư ở nước ngoài, tổ chức kinh tế có vốn đầu tư nước ngoài, tổ chức nước ngoài có chức năng ngoại giao được Nhà nước cho thuê đất;",,0,0,1,1,
doc_chuong-iii_muc-1_dieu-28_khoan-1_diem-m_p5350,"Tổ chức trong nước, cá nhân, cộng đồng dân cư, tổ chức tôn giáo, tổ chức tôn giáo trực thuộc được Nhà nước công nhận quyền sử dụng đất đối với đất đang được sử dụng ổn định;",,0,0,0,0,
doc_chuong-iii_muc-1_dieu-28_khoan-1_diem-n_p5524,"Tổ chức trong nước, cá nhân, người gốc Việt Nam định cư ở nước ngoài được phép nhập cảnh vào Việt Nam, tổ chức kinh tế có vốn đầu tư nước ngoài được nhận quyền sử dụng đất theo kết quả hòa giải thành về tranh chấp đất đai được Ủy ban nhân dân cấp có thẩm quyền công nhận; thỏa thuận trong hợp đồng thế chấp để xử lý nợ; quyết định của cơ quan nhà nước có thẩm quyền về giải quyết tranh chấp đất đai, khiếu nại, tố cáo về đất đai, bản án, quyết định của Tòa án, quyết định thi hành án của cơ quan thi hành án đã được thi hành; quyết định hoặc phán quyết của Trọng tài thương mại Việt Nam; văn bản công nhận kết quả đấu giá quyền sử dụng đất phù hợp với pháp luật; văn bản về việc chia, tách quyền sử dụng đất phù hợp với pháp luật đối với nhóm người sử dụng đất mà có chung quyền sử dụng đất;",,0,0,1,1,
doc_chuong-iii_muc-1_dieu-28_khoan-1_diem-o_p6316,"Cộng đồng dân cư, tổ chức tôn giáo, tổ chức tôn giáo trực thuộc được nhận quyền sử dụng đất theo kết quả hòa giải thành về tranh chấp đất đai được Ủy ban nhân dân cấp có thẩm quyền công nhận; quyết định của cơ quan nhà nước có thẩm quyền về giải quyết tranh chấp đất đai, khiếu nại, tố cáo về đất đai, bản án, quyết định của Tòa án, quyết định thi hành án của cơ quan thi hành án đã được thi hành; quyết định hoặc phán quyết của Trọng tài thương mại Việt Nam;",,0,0,0,0,
doc_chuong-iii_muc-1_dieu-28_khoan-1_diem-a_p6776,"Tổ chức trong nước là pháp nhân mới được hình thành thông qua việc chia, tách, sáp nhập, hợp nhất, chuyển đổi mô hình tổ chức theo quyết định của cơ quan, tổ chức có thẩm quyền hoặc văn bản về việc chia, tách, sáp nhập, hợp nhất, chuyển đổi mô hình tổ chức của tổ chức kinh tế phù hợp với pháp luật được nhận quyền sử dụng đất từ các tổ chức là pháp nhân bị chia, tách, sáp nhập, hợp nhất, chuyển đổi.",,0,0,1,1,
doc_chuong-iii_muc-1_dieu-28_khoan-2_p7178,"Tổ chức trong nước, cá nhân được nhận chuyển nhượng quyền sử dụng đất theo quy định của pháp luật không phụ thuộc vào nơi cư trú, nơi đóng trụ sở, trừ trường hợp quy định tại khoản 8 Điều 45 và Điều 48 của Luật này.",,1,1,0,1,
doc_chuong-iii_muc-1_dieu-28_khoan-3_p7394,"Đối với khu vực hạn chế tiếp cận đất đai thì việc nhận quyền sử dụng đất quy định tại khoản 1 và khoản 2 Điều này thực hiện theo trình tự, thủ tục do Chính phủ quy định.",,1,1,1,1,
doc_chuong-iii_muc-1_dieu-29_p7565,,,0,0,1,1,
doc_chuong-iii_muc-1_dieu-29_khoan-1_p7605,"Quyền đối với thửa đất liền kề bao gồm quyền về lối đi; cấp nước, thoát nước; tưới nước, tiêu nước trong canh tác; cấp khí ga; lắp đường dây tải điện, thông tin liên lạc và các nhu cầu cần thiết khác theo quy định của pháp luật.",,1,0,0,0,
doc_chuong-iii_muc-1_dieu-29_khoan-2_p7834,"Việc xác lập, thay đổi hoặc chấm dứt quyền đối với thửa đất liền kề thực hiện theo quy định của pháp luật về dân sự; đồng thời phải thực hiện đăng ký theo quy định tại Điều 133 của Luật này đối với trường hợp quyền về lối đi; cấp nước, thoát nước; tưới nước, tiêu nước trong canh tác.",,1,1,0,1,
doc_chuong-iii_muc-1_dieu-30_p8119,,,0,0,1,1,
doc_chuong-iii_muc-1_dieu-30_khoan-1_p8171,"Tổ chức kinh tế, đơn vị sự nghiệp công lập, cá nhân, người gốc Việt Nam định cư ở nước ngoài, tổ chức kinh tế có vốn đầu tư nước ngoài đang được Nhà nước cho thuê đất thu tiền thuê đất hằng năm nhưng thuộc trường hợp được Nhà nước cho thuê đất thu tiền thuê đất một lần cho cả thời gian thuê theo quy định của Luật này được lựa chọn chuyển sang thuê đất trả tiền thuê đất một lần cho thời gian thuê đất còn lại và phải xác định lại giá đất để tính tiền thuê đất tại thời điểm có quyết định cho phép chuyển sang thuê đất theo hình thức trả tiền thuê đất một lần cho cả thời gian thuê theo quy định của Luật này.",,1,0,0,0,
doc_chuong-iii_muc-1_dieu-30_khoan-2_p8782,"Tổ chức kinh tế, cá nhân, người gốc Việt Nam định cư ở nước ngoài, tổ chức kinh tế có vốn đầu tư nước ngoài đang được Nhà nước cho thuê đất thu tiền thuê đất một lần cho cả thời gian thuê được lựa chọn chuyển sang thuê đất thu tiền thuê đất hằng năm. Tiền thuê đất đã nộp được khấu trừ vào tiền thuê đất hằng năm phải nộp theo quy định của Chính phủ.",,1,0,0,0,
doc_chuong-iii_muc-1_dieu-30_khoan-3_p9133,"Đơn vị sự nghiệp công lập được Nhà nước giao đất không thu tiền sử dụng đất mà có nhu cầu sử dụng một phần hoặc toàn bộ diện tích được giao để sản xuất, kinh doanh, cung cấp dịch vụ thì được lựa chọn chuyển sang hình thức Nhà nước cho thuê đất thu tiền thuê đất hằng năm đối với phần diện tích đó.",,0,0,0,0,
doc_chuong-iii_muc-1_dieu-31_p9431,,,0,0,1,1,
doc_chuong-iii_muc-1_dieu-31_khoan-1_p9477,"Sử dụng đất đúng mục đích, đúng ranh giới thửa đất, đúng quy định về sử dụng độ sâu trong lòng đất và chiều cao trên không, bảo vệ các công trình công cộng trong lòng đất và tuân thủ quy định khác của pháp luật có liên quan.",,0,0,1,1,
doc_chuong-iii_muc-1_dieu-31_khoan-2_p9703,"Thực hiện kê khai đăng ký đất đai; thực hiện đầy đủ thủ tục khi chuyển đổi, chuyển nhượng, cho thuê, cho thuê lại, thừa kế, tặng cho quyền sử dụng đất, thế chấp, góp vốn bằng quyền sử dụng đất theo quy định của pháp luật.",,1,0,0,0,
doc_chuong-iii_muc-1_dieu-31_khoan-3_p9925,Thực hiện nghĩa vụ tài chính về đất đai theo quy định của pháp luật.,,1,0,1,1,
doc_chuong-iii_muc-1_dieu-31_khoan-4_p9994,"Thực hiện biện pháp bảo vệ đất; xử lý, cải tạo và phục hồi đất đối với khu vực đất bị ô nhiễm, thoái hóa do mình gây ra.",,0,0,0,0,
doc_chuong-iii_muc-1_dieu-31_khoan-5_p10115,"Tuân thủ quy định về bảo vệ môi trường, không làm tổn hại đến tài sản và lợi ích hợp pháp của người sử dụng đất có liên quan.",,0,0,1,1,
doc_chuong-iii_muc-1_dieu-31_khoan-6_p10241,Tuân thủ quy định của pháp luật về việc tìm thấy vật trong lòng đất.,,1,0,1,1,
doc_chuong-iii_muc-1_dieu-31_khoan-7_p10310,Bàn giao lại đất khi Nhà nước có quyết định thu hồi đất theo quy định của pháp luật.,,1,0,0,0,
doc_chuong-iii_muc-2_dieu-32_p10503,,,0,0,1,1,
doc_chuong-iii_muc-2_dieu-32_khoan-1_p10650,"Tổ chức trong nước, tổ chức tôn giáo, tổ chức tôn giáo trực thuộc được Nhà nước giao đất không thu tiền sử dụng đất có quyền và nghĩa vụ chung quy định tại Điều 26 và Điều 31 của Luật này.",,1,1,0,1,
doc_chuong-iii_muc-2_dieu-32_khoan-2_p10839,"Tổ chức trong nước, tổ chức tôn giáo, tổ chức tôn giáo trực thuộc được Nhà nước giao đất không thu tiền sử dụng đất không có quyền chuyển đổi, chuyển nhượng, tặng cho, cho thuê quyền sử dụng đất, thế chấp, góp vốn bằng quyền sử dụng đất.",,0,0,0,0,
doc_chuong-iii_muc-2_dieu-33_p11077,,,0,0,1,1,
doc_chuong-iii_muc-2_dieu-33_khoan-1_p11236,"Tổ chức kinh tế được Nhà nước giao đất có thu tiền sử dụng đất, cho thuê đất thu tiền thuê đất một lần cho cả thời gian thuê có quyền và nghĩa vụ sau đây:",,0,0,0,0,
doc_chuong-iii_muc-2_dieu-33_khoan-1_diem-a_p11392,Quyền và nghĩa vụ chung quy định tại Điều 26 và Điều 31 của Luật này;,,1,1,1,1,
doc_chuong-iii_muc-2_dieu-33_khoan-1_diem-b_p11462,"Chuyển nhượng quyền sử dụng đất, tài sản thuộc sở hữu của mình gắn liền với đất;",,0,0,0,0,
doc_chuong-iii_muc-2_dieu-33_khoan-1_diem-c_p11543,"Cho thuê quyền sử dụng đất, tài sản thuộc sở hữu của mình gắn liền với đất đối với trường hợp được Nhà nước giao đất có thu tiền sử dụng đất; cho thuê lại quyền sử dụng đất, tài sản thuộc sở hữu của mình gắn liền với đất đối với trường hợp được Nhà nước cho thuê đất thu tiền thuê đất một lần cho cả thời gian thuê;",,1,0,0,0,
doc_chuong-iii_muc-2_dieu-33_khoan-1_diem-d_p11859,"Tặng cho quyền sử dụng đất cho Nhà nước; tặng cho quyền sử dụng đất cho cộng đồng dân cư để xây dựng các công trình phục vụ lợi ích chung của cộng đồng hoặc mở rộng đường giao thông theo quy hoạch; tặng cho quyền sử dụng đất để làm nhà tình nghĩa, nhà tình thương, nhà đại đoàn kết gắn liền với đất theo quy định của pháp luật;",,1,0,0,0,
doc_chuong-iii_muc-2_dieu-33_khoan-1_diem-d_p12187,"Thế chấp quyền sử dụng đất, tài sản thuộc sở hữu của mình gắn liền với đất tại các tổ chức tín dụng được phép hoạt động tại Việt Nam, tại tổ chức kinh tế khác hoặc cá nhân theo quy định của pháp luật;",,1,0,0,0,
doc_chuong-iii_muc-2_dieu-33_khoan-1_diem-d_p12391,"Góp vốn bằng quyền sử dụng đất, tài sản thuộc sở hữu của mình gắn liền với đất với tổ chức trong nước, cá nhân, người gốc Việt Nam định cư ở nước ngoài, tổ chức kinh tế có vốn đầu tư nước ngoài theo quy định của pháp luật.",,1,0,1,1,
doc_chuong-iii_muc-2_dieu-33_khoan-2_p12614,"Đơn vị sự nghiệp công lập được Nhà nước cho thuê đất thu tiền thuê đất một lần cho cả thời gian thuê để đầu tư xây dựng kinh doanh kết cấu hạ tầng khu công nghiệp, cụm công nghiệp quy định tại khoản 2 Điều 202 của Luật này thì có quyền và nghĩa vụ quy định tại khoản 1 Điều này.",,1,1,0,1,
doc_chuong-iii_muc-2_dieu-33_khoan-3_p12893,"Tổ chức trong nước được Nhà nước giao đất có thu tiền sử dụng đất, cho thuê đất thu tiền thuê đất một lần cho cả thời gian thuê nhưng được miễn, giảm tiền sử dụng đất, tiền thuê đất thì có các quyền và nghĩa vụ theo quy định sau đây:",,1,0,0,0,
doc_chuong-iii_muc-2_dieu-33_khoan-3_diem-a_p13127,"Trường hợp được Nhà nước giao đất để thực hiện dự án đầu tư xây dựng nhà ở xã hội, nhà ở cho lực lượng vũ trang nhân dân, dự án đầu tư cải tạo, xây dựng lại nhà chung cư mà được miễn hoặc giảm tiền sử dụng đất thì có quyền và nghĩa vụ như trường hợp không được miễn hoặc không được giảm tiền sử dụng đất;",,1,0,0,0,
doc_chuong-iii_muc-2_dieu-33_khoan-3_diem-b_p13433,"Tổ chức trong nước được Nhà nước giao đất có thu tiền sử dụng đất, cho thuê đất thu tiền thuê đất một lần cho cả thời gian thuê để thực hiện dự án đầu tư có mục đích kinh doanh mà được miễn, giảm tiền sử dụng đất, tiền thuê đất thì có quyền và nghĩa vụ như trường hợp không được miễn hoặc không được giảm tiền sử dụng đất, tiền thuê đất; trường hợp chuyển nhượng, góp vốn bằng quyền sử dụng đất thì phải nộp cho Nhà nước một khoản tiền tương ứng với số tiền sử dụng đất, tiền thuê đất đã được miễn, giảm tại thời điểm giao đất, cho thuê đất, cho phép chuyển mục đích sử dụng đất, trừ trường hợp pháp luật có liên quan có quy định khác.",,1,1,0,1,
doc_chuong-iii_muc-2_dieu-34_p14069,,,0,0,1,1,
doc_chuong-iii_muc-2_dieu-34_khoan-1_p14245,"Tổ chức kinh tế, tổ chức tôn giáo, tổ chức tôn giáo trực thuộc được Nhà nước cho thuê đất thu tiền thuê đất hằng năm có các quyền và nghĩa vụ sau đây:",,0,0,0,0,
doc_chuong-iii_muc-2_dieu-34_khoan-1_diem-a_p14396,Quyền và nghĩa vụ chung quy định tại Điều 26 và Điều 31 của Luật này;,,1,1,1,1,
doc_chuong-iii_muc-2_dieu-34_khoan-1_diem-b_p14466,"Thế chấp tài sản thuộc sở hữu của mình gắn liền với đất tại các tổ chức tín dụng được phép hoạt động tại Việt Nam, tại tổ chức kinh tế khác hoặc cá nhân theo quy định của pháp luật;",,1,0,1,1,
doc_chuong-iii_muc-2_dieu-34_khoan-1_diem-c_p14648,"Bán tài sản thuộc sở hữu của mình gắn liền với đất, bán tài sản thuộc sở hữu của mình gắn liền với đất và quyền thuê trong hợp đồng thuê đất khi đáp ứng điều kiện quy định tại Điều 46 của Luật này. Người mua tài sản gắn liền với đất và quyền thuê trong hợp đồng thuê đất được tiếp tục thuê đất theo mục đích đã được xác định và thời hạn sử dụng đất còn lại, được kế thừa các quyền và nghĩa vụ của người sử dụng đất theo quy định của Luật này và quy định khác của pháp luật có liên quan;",,1,1,0,1,
doc_chuong-iii_muc-2_dieu-34_khoan-1_diem-d_p15135,Góp vốn bằng tài sản thuộc sở hữu của mình gắn liền với đất trong thời hạn thuê đất; người nhận góp vốn bằng tài sản được Nhà nước tiếp tục cho thuê đất theo mục đích đã được xác định trong thời hạn còn lại;,,0,0,0,0,
doc_chuong-iii_muc-2_dieu-34_khoan-1_diem-d_p15343,Cho thuê tài sản thuộc sở hữu của mình gắn liền với đất và quyền thuê trong hợp đồng thuê đất;,,0,0,0,0,
doc_chuong-iii_muc-2_dieu-34_khoan-1_diem-d_p15442,"Cho thuê lại quyền sử dụng đất theo hình thức trả tiền thuê đất hằng năm đối với đất đã được xây dựng xong kết cấu hạ tầng trong trường hợp được phép đầu tư xây dựng kinh doanh kết cấu hạ tầng đối với đất khu công nghiệp, cụm công nghiệp, khu công nghệ cao; người thuê lại quyền sử dụng đất phải sử dụng đất đúng mục đích và thực hiện nghĩa vụ tài chính theo quy định của pháp luật.",,1,0,0,0,
doc_chuong-iii_muc-2_dieu-34_khoan-2_p15825,"Đơn vị sự nghiệp công lập được Nhà nước cho thuê đất thu tiền thuê đất hằng năm không thuộc trường hợp sử dụng đất để đầu tư xây dựng kinh doanh kết cấu hạ tầng khu công nghiệp, cụm công nghiệp quy định tại khoản 2 Điều 202 của Luật này thì có quyền và nghĩa vụ quy định tại khoản 1 Điều này, trừ quyền bán, quyền thế chấp và quyền góp vốn bằng tài sản gắn liền với đất và quyền thuê trong hợp đồng thuê đất. Việc khai thác, sử dụng quỹ đất đã được Nhà nước cho thuê đất kết hợp vào mục đích khác thực hiện theo quy định sau đây:",,1,1,0,1,
doc_chuong-iii_muc-2_dieu-34_khoan-2_diem-a_p16355,"Đối với đất đơn vị sự nghiệp công lập được Nhà nước cho thuê đất thì được phép chủ động khai thác, sử dụng kết hợp đa mục đích theo phương án được cơ quan chủ quản phê duyệt phù hợp với quy định của Luật này và pháp luật có liên quan; trường hợp có đầu tư xây dựng công trình trên đất phải phù hợp với pháp luật về xây dựng. Việc khai thác, sử dụng đất kết hợp đa mục đích phải được hạch toán theo quy định của pháp luật;",,1,0,0,0,
doc_chuong-iii_muc-2_dieu-34_khoan-2_diem-b_p16777,"Đối với đất do đơn vị sự nghiệp công lập đang sử dụng mà có nhu cầu cho thuê, liên doanh, liên kết với tổ chức kinh tế thì phải có đề án sử dụng tài sản công vào mục đích cho thuê, liên doanh, liên kết được cấp có thẩm quyền phê duyệt theo quy định của pháp luật về quản lý, sử dụng tài sản công.",,1,0,0,0,
doc_chuong-iii_muc-2_dieu-34_khoan-3_p17074,"Tổ chức kinh tế, đơn vị sự nghiệp công lập sử dụng đất thuê của tổ chức, cá nhân ngoài khu công nghiệp, cụm công nghiệp, khu công nghệ cao thì có các quyền và nghĩa vụ theo quy định của pháp luật về dân sự.",,1,0,0,0,
doc_chuong-iii_muc-2_dieu-35_p17281,,,0,0,1,1,
doc_chuong-iii_muc-2_dieu-35_khoan-1_p17394,"Tổ chức kinh tế nhận chuyển nhượng quyền sử dụng đất, chuyển mục đích sử dụng đất có quyền và nghĩa vụ chung quy định tại Điều 26 và Điều 31 của Luật này.",,1,1,0,1,
doc_chuong-iii_muc-2_dieu-35_khoan-2_p17549,Tổ chức kinh tế nhận chuyển nhượng quyền sử dụng đất có nguồn gốc do được Nhà nước giao có thu tiền sử dụng đất hoặc Nhà nước cho thuê đất thu tiền thuê đất một lần cho cả thời gian thuê thì có quyền và nghĩa vụ quy định tại khoản 1 và khoản 3 Điều 33 của Luật này.,,1,1,0,1,
doc_chuong-iii_muc-2_dieu-35_khoan-3_p17816,Tổ chức kinh tế nhận chuyển nhượng quyền sử dụng đất nông nghiệp theo quy định của pháp luật thì có các quyền và nghĩa vụ sau đây:,,1,0,0,0,
doc_chuong-iii_muc-2_dieu-35_khoan-3_diem-a_p17947,Trường hợp nhận chuyển nhượng và không chuyển mục đích sử dụng đất thì có quyền và nghĩa vụ quy định tại khoản 1 và khoản 3 Điều 33 của Luật này;,,1,1,0,1,
doc_chuong-iii_muc-2_dieu-35_khoan-3_diem-b_p18093,Trường hợp nhận chuyển nhượng và chuyển mục đích sử dụng đất mà thuộc trường hợp được Nhà nước giao đất có thu tiền sử dụng đất hoặc cho thuê đất thu tiền thuê đất một lần cho cả thời gian thuê thì có quyền và nghĩa vụ quy định tại khoản 1 và khoản 3 Điều 33 của Luật này;,,1,1,0,1,
doc_chuong-iii_muc-2_dieu-35_khoan-3_diem-c_p18366,Trường hợp nhận chuyển nhượng và chuyển mục đích sử dụng đất mà thuộc trường hợp được Nhà nước cho thuê đất thu tiền thuê đất hằng năm thì có quyền và nghĩa vụ quy định tại khoản 1 Điều 34 của Luật này.,,1,1,0,1,
doc_chuong-iii_muc-2_dieu-35_khoan-4_p18569,Quyền và nghĩa vụ của tổ chức kinh tế sử dụng đất được cơ quan nhà nước có thẩm quyền cho phép chuyển mục đích sử dụng đất từ đất không thu tiền sử dụng đất sang đất có thu tiền sử dụng đất hoặc cho thuê đất được quy định như sau:,,0,0,0,0,
doc_chuong-iii_muc-2_dieu-35_khoan-4_diem-a_p18800,Trường hợp thuộc hình thức Nhà nước giao đất có thu tiền sử dụng đất hoặc cho thuê đất thu tiền thuê đất một lần cho cả thời gian thuê thì có quyền và nghĩa vụ quy định tại khoản 1 và khoản 3 Điều 33 của Luật này;,,1,1,0,1,
doc_chuong-iii_muc-2_dieu-35_khoan-4_diem-b_p19014,Trường hợp thuộc hình thức Nhà nước cho thuê đất thu tiền thuê đất hằng năm thì có quyền và nghĩa vụ quy định tại khoản 1 Điều 34 của Luật này.,,1,1,0,1,
doc_chuong-iii_muc-2_dieu-36_p19158,,,0,0,1,1,
doc_chuong-iii_muc-2_dieu-36_khoan-1_p19302,"Tổ chức kinh tế nhận góp vốn bằng quyền sử dụng đất của cá nhân, tổ chức kinh tế khác thì có quyền và nghĩa vụ quy định tại Điều 33 của Luật này trong các trường hợp sau đây:",,1,1,0,1,
doc_chuong-iii_muc-2_dieu-36_khoan-1_diem-a_p19477,"Đất của tổ chức kinh tế góp vốn có nguồn gốc do được Nhà nước giao có thu tiền sử dụng đất hoặc được Nhà nước cho thuê đất thu tiền thuê đất một lần cho cả thời gian thuê, do nhận chuyển nhượng quyền sử dụng đất;",,0,0,0,0,
doc_chuong-iii_muc-2_dieu-36_khoan-1_diem-b_p19690,Đất của cá nhân góp vốn mà không phải là đất được Nhà nước cho thuê thu tiền thuê đất hằng năm.,,0,0,0,0,
doc_chuong-iii_muc-2_dieu-36_khoan-2_p19787,"Quyền sử dụng đất của hợp tác xã, liên hiệp hợp tác xã khi giải thể, phá sản thực hiện theo quy định sau đây:",,1,0,0,0,
doc_chuong-iii_muc-2_dieu-36_khoan-2_diem-a_p19897,"Đối với đất được Nhà nước giao đất không thu tiền sử dụng đất; được Nhà nước giao đất có thu tiền sử dụng đất, cho thuê đất, do mua tài sản gắn liền với đất hoặc nhận chuyển nhượng quyền sử dụng đất hợp pháp từ người khác mà tiền sử dụng đất, tiền thuê đất, tiền mua tài sản gắn liền với đất, tiền nhận chuyển nhượng quyền sử dụng đất có nguồn gốc do Nhà nước hỗ trợ thì Nhà nước thu hồi đất đó theo quy định của Luật này và pháp luật về hợp tác xã;",,1,0,0,0,
doc_chuong-iii_muc-2_dieu-36_khoan-2_diem-b_p20347,"Đối với đất được Nhà nước giao đất có thu tiền sử dụng đất, cho thuê đất thu tiền thuê đất một lần cho cả thời gian thuê, do mua tài sản gắn liền với đất hoặc nhận chuyển nhượng quyền sử dụng đất hợp pháp từ người khác mà tiền sử dụng đất, tiền thuê đất, tiền mua tài sản gắn liền với đất, tiền nhận chuyển nhượng quyền sử dụng đất không có nguồn gốc do Nhà nước hỗ trợ; đất do thành viên góp quyền sử dụng vào hợp tác xã, liên hiệp hợp tác xã thì Nhà nước không thu hồi đất, quyền sử dụng đất đó là của hợp tác xã, liên hiệp hợp tác xã và được xử lý theo điều lệ của hợp tác xã, liên hiệp hợp tác xã, nghị quyết của đại hội thành viên.",,0,0,0,0,
doc_chuong-iii_muc-2_dieu-36_khoan-3_p20984,"Quyền sử dụng đất của tổ chức kinh tế là doanh nghiệp khi giải thể, phá sản được xử lý theo quy định của pháp luật về doanh nghiệp, pháp luật về phá sản và quy định khác của pháp luật có liên quan.",,1,0,0,0,
doc_chuong-iii_muc-3_dieu-37_p21250,,,0,0,1,1,
doc_chuong-iii_muc-3_dieu-37_khoan-1_p21301,"Cá nhân sử dụng đất nông nghiệp được Nhà nước giao trong hạn mức; đất được Nhà nước giao có thu tiền sử dụng đất, cho thuê đất thu tiền thuê đất một lần cho cả thời gian thuê, được Nhà nước công nhận quyền sử dụng đất; đất nhận chuyển đổi, nhận chuyển nhượng, nhận tặng cho, nhận thừa kế thì có các quyền và nghĩa vụ sau đây:",,0,0,0,0,
doc_chuong-iii_muc-3_dieu-37_khoan-1_diem-a_p21627,Quyền và nghĩa vụ chung quy định tại Điều 26 và Điều 31 của Luật này;,,1,1,1,1,
doc_chuong-iii_muc-3_dieu-37_khoan-1_diem-b_p21698,Chuyển đổi quyền sử dụng đất nông nghiệp với cá nhân khác;,,0,0,0,0,
doc_chuong-iii_muc-3_dieu-37_khoan-1_diem-c_p21757,"Chuyển nhượng quyền sử dụng đất, tài sản thuộc sở hữu của mình gắn liền với đất theo quy định của pháp luật;",,1,0,0,0,
doc_chuong-iii_muc-3_dieu-37_khoan-1_diem-d_p21866,"Cho tổ chức, cá nhân khác, người gốc Việt Nam định cư ở nước ngoài đầu tư tại Việt Nam thuê quyền sử dụng đất, tài sản thuộc sở hữu của mình gắn liền với đất;",,0,0,0,0,
doc_chuong-iii_muc-3_dieu-37_khoan-1_diem-d_p22025,"Cá nhân sử dụng đất có quyền để thừa kế quyền sử dụng đất, tài sản thuộc sở hữu của mình gắn liền với đất của mình theo di chúc hoặc theo pháp luật.
Trường hợp người được thừa kế là người gốc Việt Nam định cư ở nước ngoài thuộc đối tượng quy định tại khoản 1 Điều 44 của Luật này thì được nhận thừa kế quyền sử dụng đất; nếu không thuộc đối tượng quy định tại khoản 1 Điều 44 của Luật này thì được hưởng giá trị của phần thừa kế đó;",,1,1,0,1,
doc_chuong-iii_muc-3_dieu-37_khoan-1_diem-d_p22461,"Tặng cho quyền sử dụng đất cho Nhà nước; tặng cho quyền sử dụng đất cho cộng đồng dân cư để xây dựng các công trình phục vụ lợi ích chung của cộng đồng hoặc mở rộng đường giao thông theo quy hoạch; tặng cho quyền sử dụng đất để làm nhà tình nghĩa, nhà tình thương, nhà đại đoàn kết gắn liền với đất theo quy định của pháp luật; tặng cho quyền sử dụng đất, tài sản thuộc sở hữu của mình gắn liền với đất đối với cá nhân hoặc người gốc Việt Nam định cư ở nước ngoài thuộc đối tượng quy định tại khoản 1 Điều 44 của Luật này;",,1,1,0,1,
doc_chuong-iii_muc-3_dieu-37_khoan-1_diem-g_p22984,"Thế chấp quyền sử dụng đất, tài sản thuộc sở hữu của mình gắn liền với đất tại tổ chức tín dụng được phép hoạt động tại Việt Nam, tại tổ chức kinh tế khác hoặc cá nhân theo quy định của pháp luật;",,1,0,1,1,
doc_chuong-iii_muc-3_dieu-37_khoan-1_diem-h_p23181,"Góp vốn bằng quyền sử dụng đất, tài sản thuộc sở hữu của mình gắn liền với đất với tổ chức, góp quyền sử dụng đất với cá nhân, người gốc Việt Nam định cư ở nước ngoài để hợp tác sản xuất, kinh doanh.",,0,0,0,0,
doc_chuong-iii_muc-3_dieu-37_khoan-2_p23381,Cá nhân được Nhà nước cho thuê đất thu tiền thuê đất hằng năm có các quyền và nghĩa vụ sau đây:,,0,0,0,0,
doc_chuong-iii_muc-3_dieu-37_khoan-2_diem-a_p23477,Quyền và nghĩa vụ chung quy định tại Điều 26 và Điều 31 của Luật này;,,1,1,1,1,
doc_chuong-iii_muc-3_dieu-37_khoan-2_diem-b_p23547,"Bán tài sản thuộc sở hữu của mình gắn liền với đất, bán tài sản thuộc sở hữu của mình gắn liền với đất và quyền thuê trong hợp đồng thuê đất khi đáp ứng điều kiện quy định tại Điều 46 của Luật này. Người mua tài sản gắn liền với đất và
quyền thuê trong hợp đồng thuê đất được tiếp tục thuê đất theo mục đích đã được xác định và thời hạn sử dụng đất còn lại theo mục đích đã được xác định; được kế thừa các quyền và nghĩa vụ của người sử dụng đất theo quy định của Luật này và pháp luật có liên quan;",,1,1,0,1,
doc_chuong-iii_muc-3_dieu-37_khoan-2_diem-c_p24048,"Để thừa kế, tặng cho tài sản thuộc sở hữu của mình gắn liền với đất và quyền thuê trong hợp đồng thuê đất; người nhận thừa kế, người được tặng cho tài sản và quyền thuê trong hợp đồng thuê đất được Nhà nước tiếp tục cho thuê đất theo mục đích đã được xác định;",,0,0,0,0,
doc_chuong-iii_muc-3_dieu-37_khoan-2_diem-d_p24309,"Cho thuê tài sản thuộc sở hữu của mình gắn liền với đất, cho thuê lại quyền thuê trong hợp đồng thuê đất;",,0,0,0,0,
doc_chuong-iii_muc-3_dieu-37_khoan-2_diem-d_p24415,"Thế chấp tài sản thuộc sở hữu của mình gắn liền với đất tại các tổ chức tín dụng được phép hoạt động tại Việt Nam, tại tổ chức kinh tế khác hoặc cá nhân theo quy định của pháp luật;",,1,0,1,1,
doc_chuong-iii_muc-3_dieu-37_khoan-2_diem-d_p24600,"Góp vốn bằng tài sản thuộc sở hữu của mình gắn liền với đất trong thời hạn thuê đất với tổ chức, cá nhân, người gốc Việt Nam định cư ở nước ngoài; người nhận góp vốn bằng tài sản được Nhà nước tiếp tục cho thuê đất theo mục đích đã được xác định trong thời hạn còn lại.",,0,0,0,0,
doc_chuong-iii_muc-3_dieu-37_khoan-3_p24870,"Cá nhân thuê lại đất trong khu công nghiệp, cụm công nghiệp, khu công nghệ cao thì có các quyền và nghĩa vụ sau đây:",,0,0,0,0,
doc_chuong-iii_muc-3_dieu-37_khoan-3_diem-a_p24987,"Trường hợp thuê đất, thuê lại đất trả tiền thuê đất một lần cho cả thời gian thuê thì có quyền và nghĩa vụ quy định tại khoản 1 Điều này;",,1,1,0,1,
doc_chuong-iii_muc-3_dieu-37_khoan-3_diem-b_p25125,"Trường hợp thuê đất, thuê lại đất trả tiền thuê đất hằng năm thì có quyền và nghĩa vụ quy định tại khoản 2 Điều này.",,1,1,0,1,
doc_chuong-iii_muc-3_dieu-37_khoan-4_p25242,"Cá nhân được Nhà nước giao đất, cho thuê đất mà được miễn, giảm tiền sử dụng đất, tiền thuê đất thì có quyền và nghĩa vụ như trường hợp không được miễn, không được giảm tiền sử dụng đất, tiền thuê đất.",,1,0,0,0,
doc_chuong-iii_muc-3_dieu-37_khoan-5_p25444,"Cá nhân sử dụng đất thuê của tổ chức, cá nhân không thuộc trường hợp quy định tại khoản 3 Điều này thì có quyền và nghĩa vụ theo quy định của pháp luật về dân sự.",,1,1,0,1,
doc_chuong-iii_muc-3_dieu-38_p25608,,,0,0,1,1,
doc_chuong-iii_muc-3_dieu-38_khoan-1_p25756,Cá nhân được phép chuyển mục đích sử dụng đất từ đất được Nhà nước giao đất không thu tiền sử dụng đất sang đất được Nhà nước giao đất có thu tiền sử dụng đất hoặc Nhà nước cho thuê đất có quyền và nghĩa vụ chung quy định tại Điều 26 và Điều 31 của Luật này.,,1,1,0,1,
doc_chuong-iii_muc-3_dieu-38_khoan-2_p26015,Cá nhân sử dụng đất được cơ quan nhà nước có thẩm quyền cho phép chuyển mục đích sử dụng đất từ đất được Nhà nước giao đất không thu tiền sử dụng đất sang đất được Nhà nước giao đất có thu tiền sử dụng đất hoặc Nhà nước cho thuê đất có quyền và nghĩa vụ như sau:,,0,0,0,0,
doc_chuong-iii_muc-3_dieu-38_khoan-2_diem-a_p26278,Trường hợp được Nhà nước giao đất có thu tiền sử dụng đất hoặc cho thuê đất thu tiền thuê đất một lần cho cả thời gian thuê thì có quyền và nghĩa vụ quy định tại khoản 1 Điều 37 của Luật này;,,1,1,0,1,
doc_chuong-iii_muc-3_dieu-38_khoan-2_diem-b_p26470,Trường hợp được Nhà nước cho thuê đất thu tiền thuê đất hằng năm thì có quyền và nghĩa vụ quy định tại khoản 2 Điều 37 của Luật này.,,1,1,0,1,
doc_chuong-iii_muc-3_dieu-39_p26603,,,0,0,1,1,
doc_chuong-iii_muc-3_dieu-39_khoan-1_p26663,Cộng đồng dân cư sử dụng đất có quyền và nghĩa vụ chung quy định tại Điều 26 và Điều 31 của Luật này.,,1,1,0,1,
doc_chuong-iii_muc-3_dieu-39_khoan-2_p26765,"Cộng đồng dân cư sử dụng đất có quyền và nghĩa vụ như quyền và nghĩa vụ của cá nhân có hình thức sử dụng đất tương ứng, trừ quyền để thừa kế.
Trường hợp cộng đồng dân cư được Nhà nước giao đất không thu tiền sử dụng đất, công nhận quyền sử dụng đất theo hình thức giao đất không thu tiền sử dụng đất thì không có quyền chuyển đổi, chuyển nhượng, tặng cho, cho thuê quyền sử dụng đất, thế chấp, góp vốn bằng quyền sử dụng đất.",,1,0,0,0,
doc_chuong-iii_muc-4_dieu-40_p27359,,,0,0,1,1,
doc_chuong-iii_muc-4_dieu-40_khoan-1_p27434,Tổ chức nước ngoài có chức năng ngoại giao sử dụng đất tại Việt Nam có các quyền và nghĩa vụ sau đây:,,0,0,0,0,
doc_chuong-iii_muc-4_dieu-40_khoan-1_diem-a_p27536,Quyền và nghĩa vụ chung quy định tại Điều 26 và Điều 31 của Luật này;,,1,1,1,1,
doc_chuong-iii_muc-4_dieu-40_khoan-1_diem-b_p27606,Xây dựng các công trình trên đất theo giấy phép của cơ quan nhà nước Việt Nam có thẩm quyền;,,0,0,1,1,
doc_chuong-iii_muc-4_dieu-40_khoan-1_diem-c_p27699,Sở hữu công trình do mình xây dựng trên đất thuê trong thời hạn thuê đất;,,0,0,0,0,
doc_chuong-iii_muc-4_dieu-40_khoan-1_diem-d_p27773,"Việc trả lại đất, chuyển quyền sử dụng đất của tổ chức nước ngoài có chức năng ngoại giao khi không còn nhu cầu sử dụng vào mục đích đã được thuê đất thì thực hiện theo điều ước quốc tế, thỏa thuận quốc tế và quy định của pháp luật.",,1,0,0,0,
doc_chuong-iii_muc-4_dieu-40_khoan-2_p28006,Trường hợp điều ước quốc tế mà nước Cộng hòa xã hội chủ nghĩa Việt Nam là thành viên có quy định khác thì tổ chức nước ngoài có chức năng ngoại giao có quyền và nghĩa vụ theo điều ước quốc tế đó.,,1,0,1,1,
doc_chuong-iii_muc-4_dieu-41_p28202,,,0,0,1,1,
doc_chuong-iii_muc-4_dieu-41_khoan-1_p28366,Người gốc Việt Nam định cư ở nước ngoài về đầu tư tại Việt Nam được Nhà nước giao đất có thu tiền sử dụng đất có các quyền và nghĩa vụ quy định tại khoản 1 Điều 33 của Luật này.,,1,1,1,1,
doc_chuong-iii_muc-4_dieu-41_khoan-2_p28544,"Người gốc Việt Nam định cư ở nước ngoài, tổ chức kinh tế có vốn đầu tư nước ngoài được Nhà nước cho thuê đất thu tiền thuê đất hằng năm có các quyền và nghĩa vụ sau đây:",,0,0,0,0,
doc_chuong-iii_muc-4_dieu-41_khoan-2_diem-a_p28714,Quyền và nghĩa vụ chung quy định tại Điều 26 và Điều 31 của Luật này;,,1,1,1,1,
doc_chuong-iii_muc-4_dieu-41_khoan-2_diem-b_p28784,Thế chấp tài sản thuộc sở hữu của mình gắn liền với đất tại các tổ chức tín dụng được phép hoạt động tại Việt Nam;,,0,0,1,1,
doc_chuong-iii_muc-4_dieu-41_khoan-2_diem-c_p28899,Góp vốn bằng tài sản thuộc sở hữu của mình gắn liền với đất trong thời hạn thuê đất; người nhận góp vốn bằng tài sản được Nhà nước tiếp tục cho thuê đất theo đúng mục đích đã được xác định trong thời hạn còn lại;,,0,0,0,0,
doc_chuong-iii_muc-4_dieu-41_khoan-2_diem-d_p29112,"Bán tài sản thuộc sở hữu của mình gắn liền với đất, bán tài sản thuộc sở hữu của mình gắn liền với đất và quyền thuê trong hợp đồng thuê đất khi đáp ứng điều kiện quy định tại Điều 46 của Luật này. Người mua tài sản gắn liền với đất và
quyền thuê trong hợp đồng thuê đất được tiếp tục thuê đất theo mục đích đã được xác định và thời hạn sử dụng đất còn lại, có các quyền và nghĩa vụ của người sử dụng đất theo quy định của Luật này và pháp luật có liên quan;",,1,1,0,1,
doc_chuong-iii_muc-4_dieu-41_khoan-2_diem-d_p29572,Cho thuê tài sản thuộc sở hữu của mình gắn liền với đất và quyền thuê trong hợp đồng thuê đất;,,0,0,0,0,
doc_chuong-iii_muc-4_dieu-41_khoan-2_diem-d_p29670,"Cho thuê lại quyền sử dụng đất theo hình thức trả tiền thuê đất hằng năm đối với đất đã được xây dựng xong kết cấu hạ tầng trong trường hợp được phép đầu tư xây dựng kinh doanh kết cấu hạ tầng đối với đất khu công nghiệp, cụm công nghiệp, khu công nghệ cao; người thuê lại quyền sử dụng đất phải sử dụng đất đúng mục đích và thực hiện nghĩa vụ tài chính theo quy định.",,1,0,0,0,
doc_chuong-iii_muc-4_dieu-41_khoan-3_p30039,"Người gốc Việt Nam định cư ở nước ngoài, tổ chức kinh tế có vốn đầu tư nước ngoài được Nhà nước cho thuê đất thu tiền thuê đất một lần cho cả thời gian thuê; tổ chức kinh tế có vốn đầu tư nước ngoài được Nhà nước giao đất có thu tiền sử dụng đất để thực hiện dự án có các quyền và nghĩa vụ sau đây:",,0,0,1,1,
doc_chuong-iii_muc-4_dieu-41_khoan-3_diem-a_p30338,Quyền và nghĩa vụ chung quy định tại Điều 26 và Điều 31 của Luật này;,,1,1,1,1,
doc_chuong-iii_muc-4_dieu-41_khoan-3_diem-b_p30408,"Chuyển nhượng quyền sử dụng đất, tài sản thuộc sở hữu của mình gắn liền với đất trong thời hạn sử dụng đất;",,0,0,0,0,
doc_chuong-iii_muc-4_dieu-41_khoan-3_diem-c_p30516,"Cho thuê, cho thuê lại quyền sử dụng đất, tài sản thuộc sở hữu của mình gắn liền với đất trong thời hạn sử dụng đất;",,0,0,0,0,
doc_chuong-iii_muc-4_dieu-41_khoan-3_diem-d_p30633,"Thế chấp quyền sử dụng đất, tài sản thuộc sở hữu của mình gắn liền với đất tại các tổ chức tín dụng được phép hoạt động tại Việt Nam;",,0,0,0,0,
doc_chuong-iii_muc-4_dieu-41_khoan-3_diem-d_p30767,"Góp vốn bằng quyền sử dụng đất, tài sản thuộc sở hữu của mình gắn liền với đất.",,0,0,1,1,
doc_chuong-iii_muc-4_dieu-41_khoan-4_p30850,"Tổ chức kinh tế có vốn đầu tư nước ngoài có sử dụng đất được hình thành do nhà đầu tư nước ngoài mua cổ phần, phần vốn góp thì có các quyền và nghĩa vụ quy định tại khoản 2 và khoản 3 Điều này tương ứng với hình thức nộp tiền sử dụng đất, trả tiền thuê đất.",,1,1,0,1,
doc_chuong-iii_muc-4_dieu-41_khoan-5_p31108,"Người gốc Việt Nam định cư ở nước ngoài, tổ chức kinh tế có vốn đầu tư nước ngoài sử dụng đất để thực hiện các dự án đầu tư tại Việt Nam được Nhà nước
giao đất, cho thuê đất trả tiền thuê đất một lần cho cả thời gian thuê nhưng được miễn, giảm tiền sử dụng đất, tiền thuê đất thì có quyền và nghĩa vụ quy định tại khoản 3 Điều 33 của Luật này.",,1,1,0,1,
doc_chuong-iii_muc-4_dieu-42_p31453,,,0,0,1,1,
doc_chuong-iii_muc-4_dieu-42_khoan-1_p31581,"Tổ chức kinh tế có vốn đầu tư nước ngoài nhận góp vốn bằng quyền sử dụng đất có nguồn gốc được Nhà nước giao có thu tiền sử dụng đất, quyền sử dụng đất được thuê trả tiền thuê đất một lần cho cả thời gian thuê thì có quyền và nghĩa vụ quy định tại khoản 3 Điều 41 của Luật này.",,1,1,0,1,
doc_chuong-iii_muc-4_dieu-42_khoan-2_p31859,Tổ chức kinh tế có vốn đầu tư nước ngoài được chuyển đổi từ doanh nghiệp liên doanh mà bên Việt Nam góp vốn bằng quyền sử dụng đất thì có các quyền và nghĩa vụ sau đây:,,0,0,0,0,
doc_chuong-iii_muc-4_dieu-42_khoan-2_diem-a_p32028,Quyền và nghĩa vụ quy định tại khoản 2 Điều 41 của Luật này đối với trường hợp quyền sử dụng đất do nhận góp vốn trước đó không thuộc trường hợp được sử dụng để thực hiện các dự án đầu tư nhà ở để bán và tổ chức kinh tế có vốn đầu tư nước ngoài được Nhà nước cho thuê đất thu tiền thuê đất hằng năm theo quy định của Luật này;,,1,1,1,1,
doc_chuong-iii_muc-4_dieu-42_khoan-2_diem-b_p32355,Quyền và nghĩa vụ quy định tại khoản 3 Điều 41 của Luật này đối với trường hợp quyền sử dụng đất do nhận góp vốn trước đó không thuộc trường hợp được sử dụng để thực hiện các dự án đầu tư nhà ở để bán và tổ chức kinh tế có vốn đầu tư nước ngoài được Nhà nước cho thuê đất thu tiền thuê đất một lần cho cả thời gian thuê theo quy định của Luật này;,,1,1,0,1,
doc_chuong-iii_muc-4_dieu-42_khoan-2_diem-c_p32703,Quyền và nghĩa vụ quy định tại khoản 3 Điều 41 của Luật này đối với trường hợp quyền sử dụng đất do nhận góp vốn trước đó được sử dụng để thực hiện các dự án đầu tư nhà ở để bán và tổ chức kinh tế có vốn đầu tư nước ngoài được Nhà nước giao đất có thu tiền sử dụng đất theo quy định của Luật này.,,1,1,0,1,
doc_chuong-iii_muc-4_dieu-42_khoan-3_p33000,"Doanh nghiệp nhà nước được Nhà nước cho thuê đất trước ngày 01 tháng 7 năm 2004 mà được sử dụng giá trị quyền sử dụng đất như ngân sách nhà nước cấp cho doanh nghiệp, không phải ghi nhận nợ và không phải hoàn trả tiền thuê đất theo quy định của pháp luật về đất đai góp vốn liên doanh với tổ chức nước ngoài,
cá nhân nước ngoài thì doanh nghiệp liên doanh có quyền, nghĩa vụ quy định tại khoản 1 và khoản 3 Điều 33 của Luật này. Giá trị quyền sử dụng đất là phần vốn của Nhà nước đóng góp vào doanh nghiệp liên doanh.",,1,1,0,1,
doc_chuong-iii_muc-4_dieu-43_p33519,,,0,0,1,1,
doc_chuong-iii_muc-4_dieu-43_khoan-1_p33702,"Người gốc Việt Nam định cư ở nước ngoài nhận chuyển nhượng quyền sử dụng đất trong khu công nghiệp, cụm công nghiệp, khu công nghệ cao có quyền và nghĩa vụ quy định tại khoản 1 và khoản 3 Điều 33 của Luật này.",,1,1,0,1,
doc_chuong-iii_muc-4_dieu-43_khoan-2_p33912,"Người gốc Việt Nam định cư ở nước ngoài, tổ chức kinh tế có vốn đầu tư nước ngoài thuê đất, thuê lại đất trong khu công nghiệp, cụm công nghiệp, khu công nghệ cao có các quyền và nghĩa vụ sau đây:",,0,0,0,0,
doc_chuong-iii_muc-4_dieu-43_khoan-2_diem-a_p34109,"Trường hợp trả tiền thuê đất một lần cho cả thời gian thuê, trả tiền thuê lại đất một lần cho cả thời gian thuê lại thì có quyền và nghĩa vụ quy định tại khoản 1 và khoản 3 Điều 33 của Luật này;",,1,1,0,1,
doc_chuong-iii_muc-4_dieu-43_khoan-2_diem-b_p34304,"Trường hợp trả tiền thuê đất, thuê lại đất hằng năm thì có quyền và nghĩa vụ quy định tại khoản 1 Điều 34 của Luật này.",,1,1,0,1,
doc_chuong-iii_muc-4_dieu-44_p34424,,,0,0,1,1,
doc_chuong-iii_muc-4_dieu-44_khoan-1_p34692,Người gốc Việt Nam định cư ở nước ngoài được phép nhập cảnh vào Việt Nam thì được sở hữu nhà ở gắn liền với quyền sử dụng đất ở tại Việt Nam; có quyền sử dụng đất ở do nhận chuyển quyền sử dụng đất ở trong các dự án phát triển nhà ở.,,0,0,0,0,
doc_chuong-iii_muc-4_dieu-44_khoan-2_p34926,Người gốc Việt Nam định cư ở nước ngoài thuộc đối tượng quy định tại khoản 1 Điều này có các quyền và nghĩa vụ sau đây:,,1,1,1,1,
doc_chuong-iii_muc-4_dieu-44_khoan-2_diem-a_p35046,Quyền và nghĩa vụ chung quy định tại Điều 26 và Điều 31 của Luật này;,,1,1,1,1,
doc_chuong-iii_muc-4_dieu-44_khoan-2_diem-b_p35116,"Chuyển quyền sử dụng đất ở khi bán, tặng cho, để thừa kế, đổi nhà ở cho tổ chức, cá nhân, người gốc Việt Nam định cư ở nước ngoài thuộc đối tượng được
sở hữu nhà ở tại Việt Nam; tặng cho nhà ở gắn liền với quyền sử dụng đất ở cho Nhà nước, cộng đồng dân cư, tặng cho để làm nhà tình nghĩa, nhà tình thương, nhà đại đoàn kết. Trường hợp tặng cho, để thừa kế cho đối tượng không được sở hữu nhà ở tại Việt Nam thì đối tượng này chỉ được hưởng giá trị của nhà ở gắn liền với quyền sử dụng đất ở và không được cấp Giấy chứng nhận quyền sử dụng đất, quyền sở hữu tài sản gắn liền với đất;",,1,0,0,0,
doc_chuong-iii_muc-4_dieu-44_khoan-2_diem-c_p35701,"Chuyển nhượng, cho thuê, tặng cho, để thừa kế, góp vốn bằng quyền sử dụng đất ở theo quy định của Luật này;",,1,0,1,1,
doc_chuong-iii_muc-4_dieu-44_khoan-2_diem-d_p35809,Thế chấp nhà ở gắn liền với quyền sử dụng đất ở tại tổ chức tín dụng được phép hoạt động tại Việt Nam.,,0,0,0,0,
doc_chuong-iii_muc-4_dieu-44_khoan-3_p35912,"Trường hợp tất cả người nhận thừa kế quyền sử dụng đất, quyền sở hữu nhà ở, tài sản khác gắn liền với đất đều là người nước ngoài hoặc người gốc Việt Nam định cư ở nước ngoài không thuộc đối tượng được sở hữu nhà ở gắn liền với quyền sử dụng đất ở tại Việt Nam quy định tại khoản 1 Điều này thì người nhận thừa kế không được cấp Giấy chứng nhận quyền sử dụng đất, quyền sở hữu tài sản gắn liền với đất nhưng được chuyển nhượng hoặc được tặng cho quyền sử dụng đất thừa kế theo quy định sau đây:",,1,1,0,1,
doc_chuong-iii_muc-4_dieu-44_khoan-3_diem-a_p36407,Trong trường hợp chuyển nhượng quyền sử dụng đất thì bên chuyển nhượng trong hợp đồng chuyển nhượng quyền sử dụng đất là người nhận thừa kế;,,1,0,0,0,
doc_chuong-iii_muc-4_dieu-44_khoan-3_diem-b_p36548,"Trong trường hợp tặng cho quyền sử dụng đất thì người được tặng cho phải là đối tượng được quy định tại điểm e khoản 1 Điều 37 của Luật này và phù hợp với quy định của pháp luật về nhà ở, trong đó người nhận thừa kế được đứng tên là bên tặng cho trong hợp đồng hoặc văn bản cam kết tặng cho;",,1,1,0,1,
doc_chuong-iii_muc-4_dieu-44_khoan-3_diem-c_p36840,Trong trường hợp chưa chuyển nhượng hoặc chưa tặng cho quyền sử dụng đất thì người nhận thừa kế hoặc người đại diện theo ủy quyền bằng văn bản nộp hồ sơ về việc nhận thừa kế tại tổ chức đăng ký đất đai để cập nhật vào Sổ địa chính.,,1,0,0,0,
doc_chuong-iii_muc-4_dieu-44_khoan-4_p37072,"Trường hợp trong số những người nhận thừa kế có người gốc Việt Nam định cư ở nước ngoài không thuộc đối tượng được sở hữu nhà ở gắn liền với quyền sử dụng đất ở tại Việt Nam còn những người khác thuộc diện được nhận thừa kế quyền sử dụng đất theo quy định của pháp luật về đất đai mà chưa phân chia thừa
kế quyền sử dụng đất cho từng người nhận thừa kế thì những người nhận thừa kế hoặc người đại diện theo ủy quyền bằng văn bản nộp hồ sơ về việc nhận thừa kế tại tổ chức đăng ký đất đai để cập nhật vào Sổ địa chính.
Sau khi giải quyết xong việc phân chia thừa kế thì cấp Giấy chứng nhận quyền sử dụng đất, quyền sở hữu tài sản gắn liền với đất cho người thuộc đối tượng được cấp Giấy chứng nhận quyền sử dụng đất, quyền sở hữu tài sản gắn liền với đất; đối với người gốc Việt Nam định cư ở nước ngoài không thuộc đối tượng được sở hữu nhà ở gắn liền với quyền sử dụng đất ở tại Việt Nam thì phần thừa kế được giải quyết theo quy định tại khoản 3 Điều này.",,1,1,0,1,
doc_chuong-iii_muc-4_dieu-44_khoan-5_p38031,Người nhận thừa kế trong các trường hợp quy định tại điểm c khoản 3 và khoản 4 Điều này được ủy quyền bằng văn bản cho người khác trông nom hoặc tạm sử dụng đất và thực hiện nghĩa vụ theo quy định của pháp luật về đất đai và quy định khác của pháp luật có liên quan.,,1,1,0,1,
doc_chuong-iii_muc-5_dieu-45_p38358,,,0,0,1,1,
doc_chuong-iii_muc-5_dieu-45_khoan-1_p38579,"Người sử dụng đất được thực hiện các quyền chuyển đổi, chuyển nhượng, cho thuê, cho thuê lại, thừa kế, tặng cho quyền sử dụng đất; thế chấp, góp vốn bằng quyền sử dụng đất khi có đủ các điều kiện sau đây:",,0,0,0,0,
doc_chuong-iii_muc-5_dieu-45_khoan-1_diem-a_p38784,"Có Giấy chứng nhận quyền sử dụng đất hoặc Giấy chứng nhận quyền sở hữu nhà ở và quyền sử dụng đất ở hoặc Giấy chứng nhận quyền sử dụng đất, quyền sở hữu nhà ở và tài sản khác gắn liền với đất hoặc Giấy chứng nhận quyền sử dụng đất, quyền sở hữu tài sản gắn liền với đất, trừ trường hợp thừa kế quyền sử dụng đất, chuyển đổi đất nông nghiệp khi dồn điền, đổi thửa, tặng cho quyền sử dụng đất cho Nhà nước, cộng đồng dân cư và trường hợp quy định tại khoản 7 Điều 124 và điểm a khoản 4 Điều 127 của Luật này;",,1,1,0,1,
doc_chuong-iii_muc-5_dieu-45_khoan-1_diem-b_p39292,"Đất không có tranh chấp hoặc tranh chấp đã được giải quyết bởi cơ quan nhà nước có thẩm quyền, bản án, quyết định của Tòa án, quyết định hoặc phán quyết của Trọng tài đã có hiệu lực pháp luật;",,0,0,1,1,
doc_chuong-iii_muc-5_dieu-45_khoan-1_diem-c_p39485,"Quyền sử dụng đất không bị kê biên, áp dụng biện pháp khác để bảo đảm thi hành án theo quy định của pháp luật thi hành án dân sự;",,1,0,0,0,
doc_chuong-iii_muc-5_dieu-45_khoan-1_diem-d_p39615,Trong thời hạn sử dụng đất;,,0,0,1,1,
doc_chuong-iii_muc-5_dieu-45_khoan-1_diem-d_p39643,Quyền sử dụng đất không bị áp dụng biện pháp khẩn cấp tạm thời theo quy định của pháp luật.,,1,0,1,1,
doc_chuong-iii_muc-5_dieu-45_khoan-2_p39738,"Trường hợp chủ đầu tư chuyển nhượng quyền sử dụng đất đã có hạ tầng kỹ thuật trong dự án bất động sản thì ngoài các điều kiện quy định tại khoản 1 Điều này còn phải đáp ứng điều kiện khác theo quy định của Luật Kinh doanh bất động sản, Luật Nhà ở.",,1,1,0,1,
doc_chuong-iii_muc-5_dieu-45_khoan-3_p39986,"Người sử dụng đất khi thực hiện các quyền chuyển đổi, chuyển nhượng, cho thuê, cho thuê lại, thừa kế, tặng cho quyền sử dụng đất; thế chấp, góp vốn bằng quyền sử dụng đất thì ngoài các điều kiện quy định tại khoản 1 Điều này còn phải đáp ứng các điều kiện theo các trường hợp sau đây:",,1,1,0,1,
doc_chuong-iii_muc-5_dieu-45_khoan-3_diem-a_p40271,"Đối với trường hợp mua, bán tài sản gắn liền với đất, quyền thuê trong hợp đồng thuê đất được Nhà nước cho thuê thu tiền thuê đất hằng năm thì phải đáp ứng điều kiện quy định tại Điều 46 của Luật này;",,1,1,0,1,
doc_chuong-iii_muc-5_dieu-45_khoan-3_diem-b_p40472,Đối với trường hợp chuyển đổi quyền sử dụng đất nông nghiệp thì phải đáp ứng điều kiện quy định tại Điều 47 của Luật này;,,1,1,0,1,
doc_chuong-iii_muc-5_dieu-45_khoan-3_diem-c_p40594,"Đối với trường hợp thực hiện quyền sử dụng đất của cá nhân là người dân tộc thiểu số được giao đất, cho thuê đất theo quy định tại khoản 3 Điều 16 của Luật này thì phải đáp ứng điều kiện quy định tại Điều 48 của Luật này.",,1,1,0,1,
doc_chuong-iii_muc-5_dieu-45_khoan-4_p40816,"Trường hợp nhận thừa kế quyền sử dụng đất thì người nhận thừa kế được thực hiện quyền khi có Giấy chứng nhận quyền sử dụng đất hoặc Giấy chứng nhận quyền sở hữu nhà ở và quyền sử dụng đất ở hoặc Giấy chứng nhận quyền sử dụng đất, quyền sở hữu nhà ở và tài sản khác gắn liền với đất hoặc Giấy chứng nhận quyền sử dụng đất, quyền sở hữu tài sản gắn liền với đất hoặc đủ điều kiện để cấp Giấy chứng nhận quyền sử dụng đất, quyền sở hữu tài sản gắn liền với đất theo quy định của Luật này.",,1,0,0,0,
doc_chuong-iii_muc-5_dieu-45_khoan-5_p41303,"Trường hợp người sử dụng đất được chậm thực hiện nghĩa vụ tài chính hoặc được ghi nợ nghĩa vụ tài chính thì phải thực hiện xong nghĩa vụ tài chính trước khi thực hiện các quyền chuyển đổi, chuyển nhượng, cho thuê, cho thuê lại, tặng cho quyền sử dụng đất, thế chấp, góp vốn bằng quyền sử dụng đất.",,1,0,0,0,
doc_chuong-iii_muc-5_dieu-45_khoan-6_p41601,Tổ chức kinh tế được nhận chuyển nhượng quyền sử dụng đất nông nghiệp phải có phương án sử dụng đất nông nghiệp được Ủy ban nhân dân cấp huyện chấp thuận. Phương án sử dụng đất nông nghiệp phải có các nội dung chính sau đây:,,0,0,0,0,
doc_chuong-iii_muc-5_dieu-45_khoan-6_diem-a_p41826,"Địa điểm, diện tích, mục đích sử dụng đất;",,0,0,1,1,
doc_chuong-iii_muc-5_dieu-45_khoan-6_diem-b_p41869,"Kế hoạch sản xuất, kinh doanh nông nghiệp;",,0,0,0,0,
doc_chuong-iii_muc-5_dieu-45_khoan-6_diem-c_p41912,Vốn đầu tư;,,0,0,1,1,
doc_chuong-iii_muc-5_dieu-45_khoan-6_diem-d_p41924,Thời hạn sử dụng đất; đ) Tiến độ sử dụng đất.,,0,0,0,0,
doc_chuong-iii_muc-5_dieu-45_khoan-7_p41970,"Cá nhân không trực tiếp sản xuất nông nghiệp nhận chuyển nhượng, nhận tặng cho quyền sử dụng đất trồng lúa quá hạn mức quy định tại Điều 176 của Luật này thì phải thành lập tổ chức kinh tế và có phương án sử dụng đất trồng lúa bao gồm các nội dung theo quy định tại khoản 6 Điều này và được Ủy ban nhân dân cấp huyện phê duyệt, trừ trường hợp người nhận tặng cho là người thuộc hàng thừa kế.",,1,1,0,1,
doc_chuong-iii_muc-5_dieu-45_khoan-8_p42362,"Các trường hợp không được nhận chuyển nhượng, nhận tặng cho quyền sử dụng đất quy định như sau:",,1,0,0,0,
doc_chuong-iii_muc-5_dieu-45_khoan-8_diem-a_p42458,"Tổ chức kinh tế không được nhận chuyển nhượng quyền sử dụng đất rừng phòng hộ, đất rừng đặc dụng của cá nhân, trừ trường hợp được chuyển mục đích sử dụng đất theo quy hoạch, kế hoạch sử dụng đất đã được cơ quan có thẩm quyền phê duyệt;",,1,1,0,1,
doc_chuong-iii_muc-5_dieu-45_khoan-8_diem-b_p42694,"Cá nhân không sinh sống trong khu vực rừng phòng hộ, rừng đặc dụng thì không được nhận chuyển nhượng, nhận tặng cho quyền sử dụng đất ở và đất khác trong khu vực rừng phòng hộ, trong phân khu bảo vệ nghiêm ngặt, phân khu phục hồi sinh thái thuộc rừng đặc dụng đó;",,0,0,0,0,
doc_chuong-iii_muc-5_dieu-45_khoan-8_diem-c_p42959,"Tổ chức, cá nhân, cộng đồng dân cư, tổ chức tôn giáo, tổ chức tôn giáo trực thuộc, người gốc Việt Nam định cư ở nước ngoài, tổ chức kinh tế có vốn đầu tư nước ngoài mà pháp luật không cho phép nhận chuyển nhượng, nhận tặng cho quyền sử dụng đất.",,0,0,1,1,
doc_chuong-iii_muc-5_dieu-46_p43205,,,0,0,1,1,
doc_chuong-iii_muc-5_dieu-46_khoan-1_p43343,"Tổ chức kinh tế, cá nhân, người gốc Việt Nam định cư ở nước ngoài, tổ chức kinh tế có vốn đầu tư nước ngoài được bán tài sản gắn liền với đất được Nhà nước cho thuê đất thu tiền thuê đất hằng năm khi có đủ các điều kiện sau đây:",,0,0,0,0,
doc_chuong-iii_muc-5_dieu-46_khoan-1_diem-a_p43572,Tài sản gắn liền với đất thuê được tạo lập hợp pháp và đã được đăng ký theo quy định của pháp luật;,,1,0,0,0,
doc_chuong-iii_muc-5_dieu-46_khoan-1_diem-b_p43672,"Đã hoàn thành việc xây dựng theo đúng quy hoạch xây dựng chi tiết và dự án đầu tư đã được phê duyệt, chấp thuận (nếu có), trừ trường hợp phải thực hiện theo bản án, quyết định của Tòa án đã có hiệu lực thi hành, quyết định cưỡng chế của cơ quan thi hành án dân sự hoặc kết luận của cơ quan nhà nước có thẩm quyền về thanh tra, kiểm tra.",,1,1,1,1,
doc_chuong-iii_muc-5_dieu-46_khoan-2_p44009,"Tổ chức kinh tế, cá nhân, người gốc Việt Nam định cư ở nước ngoài, tổ chức kinh tế có vốn đầu tư nước ngoài được Nhà nước cho thuê đất trả tiền thuê đất hằng năm được bán tài sản gắn liền với đất và quyền thuê trong hợp đồng thuê khi có đủ các điều kiện sau đây:",,0,0,0,0,
doc_chuong-iii_muc-5_dieu-46_khoan-2_diem-a_p44272,Các điều kiện quy định tại khoản 1 Điều này;,,1,1,1,1,
doc_chuong-iii_muc-5_dieu-46_khoan-2_diem-b_p44317,"Đã ứng trước tiền bồi thường, hỗ trợ, tái định cư mà chưa khấu trừ hết vào tiền thuê đất phải nộp.",,0,0,0,0,
doc_chuong-iii_muc-5_dieu-46_khoan-3_p44416,"Người mua tài sản gắn liền với đất hoặc mua tài sản gắn liền với đất và quyền thuê trong hợp đồng thuê đất được tiếp tục sử dụng đất đúng mục đích trong thời hạn sử dụng đất còn lại, được tiếp tục khấu trừ tiền đã ứng trước mà chưa được khấu trừ quy định tại điểm b khoản 2 Điều này và phải thực hiện thủ tục đăng ký đất đai theo quy định của Luật này.",,1,1,0,1,
doc_chuong-iii_muc-5_dieu-46_khoan-4_p44769,"Trường hợp bán tài sản gắn liền với đất là công trình xây dựng mà đủ điều kiện tách thửa thì được tách thửa để cấp Giấy chứng nhận quyền sử dụng đất, quyền sở hữu tài sản gắn liền với đất.",,1,0,0,0,
doc_chuong-iii_muc-5_dieu-46_khoan-5_p44959,Trường hợp được Nhà nước cho thuê đất trả tiền thuê đất hằng năm để thực hiện dự án xây dựng kinh doanh kết cấu hạ tầng thì được bán tài sản gắn liền với đất khi có đủ điều kiện quy định tại khoản 1 Điều 45 của Luật này và điều kiện khác theo quy định của Luật Kinh doanh bất động sản.,,1,1,0,1,
doc_chuong-iii_muc-5_dieu-47_p45245,"Cá nhân sử dụng đất nông nghiệp do được Nhà nước giao đất, do chuyển đổi, nhận chuyển nhượng, nhận thừa kế, nhận tặng cho quyền sử dụng đất hợp pháp từ người khác thì chỉ được chuyển đổi quyền sử dụng đất nông nghiệp trong cùng đơn vị hành chính cấp tỉnh cho cá nhân khác và không phải nộp thuế thu nhập từ việc chuyển đổi quyền sử dụng đất và lệ phí trước bạ.",,0,0,0,0,
doc_chuong-iii_muc-5_dieu-48_p45666,,,0,0,1,1,
doc_chuong-iii_muc-5_dieu-48_khoan-1_p45727,"Cá nhân là người dân tộc thiểu số được Nhà nước giao đất, cho thuê đất theo quy định tại khoản 3 Điều 16 của Luật này được để thừa kế, tặng cho, chuyển nhượng quyền sử dụng đất cho người thuộc hàng thừa kế là đối tượng quy định tại khoản 2 Điều 16 của Luật này.
Trường hợp người sử dụng đất chết mà không có người thừa kế thuộc hàng thừa kế là đối tượng quy định tại khoản 2 Điều 16 của Luật này thì Nhà nước thu hồi đất và bồi thường tài sản gắn liền với đất cho người thừa kế theo quy định của pháp luật; trường hợp người sử dụng đất chuyển khỏi địa bàn cấp tỉnh nơi có đất đến nơi khác sinh sống hoặc không còn nhu cầu sử dụng mà không tặng cho, chuyển nhượng quyền sử dụng đất cho người thuộc hàng thừa kế là đối tượng quy định tại khoản 2 Điều 16 của Luật này thì Nhà nước thu hồi đất và bồi thường tài sản gắn liền với đất theo quy định của pháp luật cho người có đất thu hồi. Diện tích đất đã thu hồi được dùng để tiếp tục giao đất, cho thuê đất cho cá nhân khác là người dân tộc thiểu số theo chính sách quy định tại Điều 16 của Luật này.",,1,1,0,1,
doc_chuong-iii_muc-5_dieu-48_khoan-2_p46774,"Cá nhân là người dân tộc thiểu số được Nhà nước giao đất, cho thuê đất theo quy định tại khoản 3 Điều 16 của Luật này thì được thế chấp quyền sử dụng đất tại ngân hàng chính sách.",,1,1,0,1,
doc_chuong-iii_muc-5_dieu-48_khoan-3_p46954,"Cá nhân là người dân tộc thiểu số được Nhà nước giao đất, cho thuê đất theo quy định tại khoản 3 Điều 16 của Luật này không được chuyển nhượng, góp vốn, tặng cho, thừa kế, thế chấp quyền sử dụng đất, trừ trường hợp quy định tại khoản 1 và khoản 2 Điều này.",,1,1,0,1,
doc_chuong-iii_muc-5_dieu-48_khoan-4_p47212,Ủy ban nhân dân cấp xã có trách nhiệm quản lý diện tích đất thu hồi theo quy định tại khoản 1 Điều này.,,1,1,0,1,
